no_type;ba_fr_num;ba_rf_code;ba_type;ba_nb_u;ba_haut;ba_larg;ba_prof;ti_fr_num;ti_rf_code;ti_type;ti_placemt;ti_taille;ti_capa;ti_k7_capa;ti_fonc;ti_comment;ps_num;ti_surcapa
PM,SRO;2;RF033000000238;BAIE;28;;;;1;RF033000000357;TIROIR;3;3;144;24;DI;;TIROIR;0
PM,SRO;2;RF033000000238;BAIE;28;;;;2;RF033000000357;TIROIR;6;3;144;24;DI;;TIROIR;0
PM,SRO;2;RF033000000238;BAIE;28;;;;3;RF033000000357;TIROIR;9;3;144;24;DI;;TIROIR;0
PM,SRO;2;RF033000000238;BAIE;28;;;;4;RF033000000357;TIROIR;12;3;144;24;DI;;TIROIR;0
PM,SRO;2;RF033000000238;BAIE;28;;;;5;RF033000000357;TIROIR;15;3;144;24;DI;optionnel;TIROIR;0
PM,SRO;2;RF033000000238;BAIE;28;;;;6;RF033000000357;TIROIR;18;3;144;24;DI;optionnel;TIROIR;0
PM,SRO;2;RF033000000238;BAIE;28;;;;7;RF033000001409;TIROIR;28;1;36;24;DI;;TIROIR;1
PM,SRO;2;RF033000000239;BAIE;40;;;;1;RF033000000357;TIROIR;3;3;144;24;DI;;TIROIR;0
PM,SRO;2;RF033000000239;BAIE;40;;;;2;RF033000000357;TIROIR;6;3;144;24;DI;;TIROIR;0
PM,SRO;2;RF033000000239;BAIE;40;;;;3;RF033000000357;TIROIR;9;3;144;24;DI;;TIROIR;0
PM,SRO;2;RF033000000239;BAIE;40;;;;4;RF033000000357;TIROIR;12;3;144;24;DI;;TIROIR;0
PM,SRO;2;RF033000000239;BAIE;40;;;;5;RF033000000357;TIROIR;15;3;144;24;DI;optionnel;TIROIR;0
PM,SRO;2;RF033000000239;BAIE;40;;;;6;RF033000000357;TIROIR;18;3;144;24;DI;optionnel;TIROIR;0
PM,SRO;2;RF033000000239;BAIE;40;;;;7;RF033000000357;TIROIR;21;3;144;24;DI;optionnel;TIROIR;0
PM,SRO;2;RF033000000239;BAIE;40;;;;8;RF033000000357;TIROIR;24;3;144;24;DI;optionnel;TIROIR;0
PM,SRO;2;RF033000000239;BAIE;40;;;;9;RF033000000357;TIROIR;27;3;144;24;DI;optionnel;TIROIR;0
PM,SRO;2;RF033000000239;BAIE;40;;;;10;RF033000001409;TIROIR;40;1;36;24;DI;;TIROIR;1
NRO;1;RF033000000026;BAIE;42;;;;1;RF91000000000005;TIROIR;3;3;144;24;TR;;TIROIR;0
NRO;1;RF033000000026;BAIE;42;;;;2;RF91000000000005;TIROIR;6;3;144;24;TR;;TIROIR;0
NRO;1;RF033000000026;BAIE;42;;;;3;RF91000000000005;TIROIR;9;3;144;24;TR;;TIROIR;0
NRO;1;RF033000000026;BAIE;42;;;;4;RF91000000000005;TIROIR;12;3;144;24;TR;;TIROIR;0
NRO;1;RF033000000026;BAIE;42;;;;5;RF91000000000005;TIROIR;15;3;144;24;TR;;TIROIR;0
NRO;1;RF033000000026;BAIE;42;;;;6;RF91000000000005;TIROIR;18;3;144;24;TR;;TIROIR;1
NRO;1;RF033000000026;BAIE;42;;;;7;RF91000000000005;TIROIR;21;3;144;24;TR;;TIROIR;0
NRO;1;RF033000000026;BAIE;42;;;;8;RF91000000000005;TIROIR;24;3;144;24;TR;;TIROIR;0
NRO;1;RF033000000026;BAIE;42;;;;9;RF91000000000005;TIROIR;27;3;144;24;TR;;TIROIR;0
NRO;1;RF033000000026;BAIE;42;;;;10;RF91000000000005;TIROIR;30;3;144;24;TR;;TIROIR;0
NRO;2;RF033000000026;BAIE;42;;;;1;RF91000000000005;TIROIR;3;3;144;24;TR;;TIROIR;0
NRO;2;RF033000000026;BAIE;42;;;;2;RF91000000000005;TIROIR;6;3;144;24;TR;;TIROIR;0
NRO;2;RF033000000026;BAIE;42;;;;3;RF91000000000005;TIROIR;9;3;144;24;TR;;TIROIR;0
NRO;2;RF033000000026;BAIE;42;;;;4;RF91000000000005;TIROIR;12;3;144;24;TR;;TIROIR;0
NRO;2;RF033000000026;BAIE;42;;;;5;RF91000000000005;TIROIR;15;3;144;24;TR;;TIROIR;0
NRO;2;RF033000000026;BAIE;42;;;;6;RF91000000000005;TIROIR;18;3;144;24;TR;;TIROIR;1
NRO;2;RF033000000026;BAIE;42;;;;7;RF91000000000005;TIROIR;21;3;144;24;TR;;TIROIR;0
NRO;2;RF033000000026;BAIE;42;;;;8;RF91000000000005;TIROIR;24;3;144;24;TR;;TIROIR;0
NRO;2;RF033000000026;BAIE;42;;;;9;RF91000000000005;TIROIR;27;3;144;24;TR;;TIROIR;0
NRO;2;RF033000000026;BAIE;42;;;;10;RF91000000000005;TIROIR;30;3;144;24;TR;;TIROIR;0
NRO;3;RF033000000026;BAIE;42;;;;10;RF91000000000005;TIROIR;30;3;144;24;TR;;TIROIR;0
PM,SRO;2;RF033000000239;BAIE;40;;;;99;RF033000000261;TIROIR;36;1;36;12;DI;optionnel;TIROIR;0
PM,SRO;2;RF033000000238;BAIE;28;;;;99;RF033000000261;TIROIR;24;1;36;12;DI;optionnel;TIROIR;0
PM,SRO;1;RF033000000238;BAIE;28;;;;1;RF033000000261;TIROIR;27;1;36;12;TR;;TIROIR;0
PM,SRO;1;RF033000000238;BAIE;28;;;;2;RF033000000261;TIROIR;28;1;36;12;TR;;TIROIR;0
PM,SRO;1;RF033000000239;BAIE;40;;;;1;RF033000000261;TIROIR;39;1;36;12;TR;;TIROIR;0
PM,SRO;1;RF033000000239;BAIE;40;;;;1;RF033000000261;TIROIR;40;1;36;12;TR;;TIROIR;0
PM,SRO;1;RF033000000238;BAIE;28;;;;7;RF033000001409;TIROIR;28;1;36;12;TR;;TIROIR;1
PM,SRO;1;RF033000000239;BAIE;40;;;;10;RF033000001409;TIROIR;40;1;36;24;TR;;TIROIR;1
