rf_code;rf_type;rf_fabric;rf_design;rf_etat;rf_comment;rf_creadat;rf_majdate;rf_majsrc;rf_abddate;rf_abdsrc
RF000000000001;BA;OR000000000108;AFFERMAGE - PM mono - PM Double Baie - 4 POB 144 - 576 EL;A;IDEA OPTICAL iBER 1635 - 2x28U - 8 slots;;;;;
RF000000000002;BA;OR000000000123;AFFERMAGE - PM mono - PM Double Baie - 4 POB 144 - 576 EL;A;GROLLEAU PM 360 - 2x28U - 8 slots;;;;;
RF000000000003;BA;OR000000000108;AFFERMAGE - PM mono - PM Double Baie - 8 POB 144 - 1152 EL;A;IDEA OPTICAL iBER 1650 - 2x40U - 13 slots;;;;;
RF000000000004;BP;OR000000000100;AFFERMAGE - PEO T2 144;A;3M BPEO-T1,5;;;;;
RF000000000005;BP;OR000000000100;AFFERMAGE - PBO 8-16;A;Utiliser AFFERMAGE - PBO 8-16-24-32 - BOITE DE PROTECTION D'EPISSURES - BPE/O - 1 EVOL CDP 12 PAS;;;;;
RF000000000006;BP;OR000000000100;AFFERMAGE - PBO 8-16;A;Utiliser AFFERMAGE - PBO 8-16-24-32 - BOITE DE PROTECTION D'EPISSURES - BPE/O - 1 EVOL EDP 12 PAS;;;;;
RF000000000007;BP;OR000000000100;AFFERMAGE - PBO 8-16;A;Utiliser AFFERMAGE - PBO 8-16-24-32 - BOITE DE PROTECTION D'EPISSURES - BPE/O - 1 EVOL EOC 12 PAS;;;;;
RF000000000008;BP;OR000000000100;AFFERMAGE - PBO 8-16;A;Utiliser AFFERMAGE - PBO 8-16-24-32 - BOITE DE PROTECTION D'EPISSURES - BPE/O - 1 EVOL FDP 12 PAS;;;;;
RF000000000009;BP;OR000000000100;AFFERMAGE - PB 3M Souterrain Mono Multi 4 cassettes;A;BOITE DE PROTECTION D'EPISSURES - BPE/O - 0;;;;;
RF000000000010;BP;OR000000000103;AFFERMAGE - PEO T3 288;A;TYCO FIST-GCO2-FR6;;;;;
RF000000000011;BP;OR000000000103;AFFERMAGE - PEO 720 FO;A;TYCO FIST-GCO2-BC-432;;;;;
RF000000000012;BP;OR000000000103;AFFERMAGE - PEO T2 144;A;TYCO TENIO T1 144;;;;;
RF000000000013;BP;OR000000000111;AFFERMAGE - PB Nexans Black Box;A;BLACK-BOX_PLATEAU_M12;;;;;
RF000000000014;BP;OR000000000111;AFFERMAGE - PB Nexans Black Box;A;BLACK-BOX_STANDARD_M12;;;;;
RF000000000015;BP;OR000000000111;AFFERMAGE - PB Nexans Black Box;A;BLACK-BOX_STANDARD_M36;;;;;
RF000000000016;BP;OR000000000111;AFFERMAGE - PBO 8-16;A;Utiliser AFFERMAGE - PBO 8-16-24-32 - NEXANS VERTHOR;;;;;
RF000000000017;BP;OR000000000120;AFFERMAGE - PBO 6-12-24-48;A;B006 - BPE 6FO - interdit en REC;;;;;
RF000000000018;BP;OR000000000120;AFFERMAGE - PBO 6-12-24-48;A;B012 - BPE 12FO - interdit en REC;;;;;
RF000000000019;BP;OR000000000120;AFFERMAGE - PBO 6-12-24-48;A;B024 - BPE 24FO - interdit en REC;;;;;
RF000000000020;BP;OR000000000120;AFFERMAGE - PEO 36 FO;A;B036 - BPE 36FO - interdit en REC;;;;;
RF000000000021;BP;OR000000000120;AFFERMAGE - PBO 6-12-24-48;A;B048 - BPE 48FO - interdit en REC;;;;;
RF000000000022;BP;OR000000000120;AFFERMAGE - PEO T2 144;A;B072 - BPE 72FO - interdit en REC;;;;;
RF000000000023;BP;OR000000000120;AFFERMAGE - PEO T2 144;A;B096 - BPE 96FO - interdit en REC;;;;;
RF000000000024;BP;OR000000000120;AFFERMAGE - PEO T2 144;A;B144 - BPE 144FO - interdit en REC;;;;;
RF000000000025;BP;OR000000000120;AFFERMAGE - PEO T3 288;A;B288 - BPE 288FO - interdit en REC;;;;;
RF000000000026;BP;OR000000000120;AFFERMAGE - PEO 720 FO;A;B432 - BPE 432FO - interdit en REC;;;;;
RF000000000027;BP;OR000000000120;AFFERMAGE - PEO 720 FO;A;B576 - BPE 576FO - interdit en REC;;;;;
RF000000000028;BP;OR000000000120;AFFERMAGE - PEO 720 FO;A;B720 - BPE 720FO - interdit en REC;;;;;
RF000000000029;CA;OR000000000101;AFFERMAGE - câble 144 FO modulo 12 - sout;A;ACOME - AFFERMAGE - câble 144 FO modulo 12 - sout;;;;;
RF000000000030;CA;OR000000000101;AFFERMAGE - câble 12 FO modulo 6 - sout;A;ACOME - AFFERMAGE - câble 12 FO modulo 6 - sout;;;;;
RF000000000031;CA;OR000000000101;AFFERMAGE - câble 72 FO modulo 12 - sout;A;ACOME - AFFERMAGE - câble 72 FO modulo 12 - sout;;;;;
RF000000000032;CA;OR000000000101;AFFERMAGE - câble 12 FO modulo 6 - mixte;A;ACOME - AFFERMAGE - câble 12 FO modulo 6 - mixte;;;;;
RF000000000033;CA;OR000000000101;AFFERMAGE - câble 12 FO modulo 6 - imb;A;ACOME - AFFERMAGE - câble 12 FO modulo 6 - imb;;;;;
RF000000000034;CA;OR000000000101;AFFERMAGE - câble 144 FO modulo 12 - imb;A;ACOME - AFFERMAGE - câble 144 FO modulo 12 - imb;;;;;
RF000000000035;CA;OR000000000101;AFFERMAGE - câble 144 FO modulo 6 - imb;A;ACOME - AFFERMAGE - câble 144 FO modulo 6 - imb;;;;;
RF000000000036;CA;OR000000000101;AFFERMAGE - câble 144 FO modulo 6 - mixte;A;ACOME - AFFERMAGE - câble 144 FO modulo 6 - mixte;;;;;
RF000000000037;CA;OR000000000101;AFFERMAGE - câble 144 FO modulo 6 - sout;A;ACOME - AFFERMAGE - câble 144 FO modulo 6 - sout;;;;;
RF000000000038;CA;OR000000000101;AFFERMAGE - câble 24 FO modulo 6 - imb;A;ACOME - AFFERMAGE - câble 24 FO modulo 6 - imb;;;;;
RF000000000039;CA;OR000000000101;AFFERMAGE - câble 24 FO modulo 6 - mixte;A;ACOME - AFFERMAGE - câble 24 FO modulo 6 - mixte;;;;;
RF000000000040;CA;OR000000000101;AFFERMAGE - câble 24 FO modulo 6 - sout;A;ACOME - AFFERMAGE - câble 24 FO modulo 6 - sout;;;;;
RF000000000041;CA;OR000000000101;AFFERMAGE - câble 288 FO modulo 12 - imb;A;ACOME - AFFERMAGE - câble 288 FO modulo 12 - imb;;;;;
RF000000000042;CA;OR000000000101;AFFERMAGE - câble 288 FO modulo 12 - sout;A;ACOME - AFFERMAGE - câble 288 FO modulo 12 - sout;;;;;
RF000000000043;CA;OR000000000101;AFFERMAGE - câble 432 FO modulo 12 - imb;A;ACOME - AFFERMAGE - câble 432 FO modulo 12 - imb;;;;;
RF000000000044;CA;OR000000000101;AFFERMAGE - câble 432 FO modulo 12 - sout;A;ACOME - AFFERMAGE - câble 432 FO modulo 12 - sout;;;;;
RF000000000045;CA;OR000000000101;AFFERMAGE - câble 48 FO modulo 6 - imb;A;ACOME - AFFERMAGE - câble 48 FO modulo 6 - imb;;;;;
RF000000000046;CA;OR000000000101;AFFERMAGE - câble 48 FO modulo 6 - mixte;A;ACOME - AFFERMAGE - câble 48 FO modulo 6 - mixte;;;;;
RF000000000047;CA;OR000000000101;AFFERMAGE - câble 48 FO modulo 6 - sout;A;ACOME - AFFERMAGE - câble 48 FO modulo 6 - sout;;;;;
RF000000000048;CA;OR000000000101;AFFERMAGE - câble 576 FO modulo 12 - sout;A;ACOME - AFFERMAGE - câble 576 FO modulo 12 - sout;;;;;
RF000000000049;CA;OR000000000101;AFFERMAGE - câble 72 FO modulo 6 - imb;A;ACOME - AFFERMAGE - câble 72 FO modulo 6 - imb;;;;;
RF000000000050;CA;OR000000000101;AFFERMAGE - câble 72 FO modulo 6 - mixte;A;ACOME - AFFERMAGE - câble 72 FO modulo 6 - mixte;;;;;
RF000000000051;CA;OR000000000101;AFFERMAGE - câble 72 FO modulo 6 - sout;A;ACOME - AFFERMAGE - câble 72 FO modulo 6 - sout;;;;;
RF000000000052;CA;OR000000000101;AFFERMAGE - câble 720 FO modulo 12 - sout;A;ACOME - AFFERMAGE - câble 720 FO modulo 12 - sout;;;;;
RF000000000053;CA;OR000000000101;AFFERMAGE - câble 144 FO modulo 12 - mixte;A;ACOME - AFFERMAGE - câble 144 FO modulo 12 - mixte;;;;;
RF000000000054;CA;OR000000000101;AFFERMAGE - câble 72 FO modulo 12 - mixte;A;ACOME - AFFERMAGE - câble 72 FO modulo 12 - mixte;;;;;
RF000000000055;CA;OR000000000101;AFFERMAGE - câble 36 FO modulo 6 - mixte;A;ACOME - AFFERMAGE - câble 36 FO modulo 6 - mixte;;;;;
RF000000000056;CA;OR000000000106;AFFERMAGE - câble 288 FO modulo 12 - sout;A;CABLE_288FO_SOUT_M12_G657A2;;;;;
RF000000000057;CA;OR000000000106;AFFERMAGE - câble 144 FO modulo 12 - mixte;A;CABLE_144FO_AERO-SOUT_M12_G657A2;;;;;
RF000000000058;CA;OR000000000106;AFFERMAGE - câble 72 FO modulo 12 - mixte;A;CABLE_72FO_AERO-SOUT_M12_G657A2;;;;;
RF000000000059;CA;OR000000000106;AFFERMAGE - câble 144 FO modulo 6 - mixte;A;CABLE_144FO_AERO-SOUT_M6_G657A2;;;;;
RF000000000060;CA;OR000000000106;AFFERMAGE - câble 12 FO modulo 6 - mixte;A;CABLE_12FO_AERO-SOUT_M6_G657A2;;;;;
RF000000000061;CA;OR000000000106;AFFERMAGE - câble 36 FO modulo 6 - mixte;A;CABLE_36FO_AERO-SOUT_M6_G657A2;;;;;
RF000000000062;CA;OR000000000106;AFFERMAGE - câble 72 FO modulo 6 - mixte;A;CABLE_72FO_AERO-SOUT_M6_G657A2;;;;;
RF000000000063;CA;OR000000000106;AFFERMAGE - câble 432 FO modulo 12 - sout;A;CABLE_432FO_SOUT_M12_G657A2;;;;;
RF000000000064;CA;OR000000000111;AFFERMAGE - câble 144 FO modulo 12 - sout;A;NEXANS - AFFERMAGE - câble 144 FO modulo 12 - sout;;;;;
RF000000000065;CA;OR000000000111;AFFERMAGE - câble 12 FO modulo 6 - sout;A;NEXANS - AFFERMAGE - câble 12 FO modulo 6 - sout;;;;;
RF000000000066;CA;OR000000000111;AFFERMAGE - câble 72 FO modulo 12 - sout;A;NEXANS - AFFERMAGE - câble 72 FO modulo 12 - sout;;;;;
RF000000000067;CA;OR000000000111;AFFERMAGE - câble 12 FO modulo 6 - mixte;A;NEXANS - AFFERMAGE - câble 12 FO modulo 6 - mixte;;;;;
RF000000000068;CA;OR000000000111;AFFERMAGE - câble 12 FO modulo 6 - imb;A;NEXANS - AFFERMAGE - câble 12 FO modulo 6 - imb;;;;;
RF000000000069;CA;OR000000000111;AFFERMAGE - câble 144 FO modulo 12 - imb;A;NEXANS - AFFERMAGE - câble 144 FO modulo 12 - imb;;;;;
RF000000000070;CA;OR000000000111;AFFERMAGE - câble 144 FO modulo 6 - imb;A;NEXANS - AFFERMAGE - câble 144 FO modulo 6 - imb;;;;;
RF000000000071;CA;OR000000000111;AFFERMAGE - câble 144 FO modulo 6 - mixte;A;NEXANS - AFFERMAGE - câble 144 FO modulo 6 - mixte;;;;;
RF000000000072;CA;OR000000000111;AFFERMAGE - câble 144 FO modulo 6 - sout;A;NEXANS - AFFERMAGE - câble 144 FO modulo 6 - sout;;;;;
RF000000000073;CA;OR000000000111;AFFERMAGE - câble 24 FO modulo 6 - imb;A;NEXANS - AFFERMAGE - câble 24 FO modulo 6 - imb;;;;;
RF000000000074;CA;OR000000000111;AFFERMAGE - câble 24 FO modulo 6 - mixte;A;NEXANS - AFFERMAGE - câble 24 FO modulo 6 - mixte;;;;;
RF000000000075;CA;OR000000000111;AFFERMAGE - câble 24 FO modulo 6 - sout;A;NEXANS - AFFERMAGE - câble 24 FO modulo 6 - sout;;;;;
RF000000000076;CA;OR000000000111;AFFERMAGE - câble 288 FO modulo 12 - imb;A;NEXANS - AFFERMAGE - câble 288 FO modulo 12 - imb;;;;;
RF000000000077;CA;OR000000000111;AFFERMAGE - câble 288 FO modulo 12 - sout;A;NEXANS - AFFERMAGE - câble 288 FO modulo 12 - sout;;;;;
RF000000000078;CA;OR000000000111;AFFERMAGE - câble 432 FO modulo 12 - imb;A;NEXANS - AFFERMAGE - câble 432 FO modulo 12 - imb;;;;;
RF000000000079;CA;OR000000000111;AFFERMAGE - câble 432 FO modulo 12 - sout;A;NEXANS - AFFERMAGE - câble 432 FO modulo 12 - sout;;;;;
RF000000000080;CA;OR000000000111;AFFERMAGE - câble 48 FO modulo 6 - imb;A;NEXANS - AFFERMAGE - câble 48 FO modulo 6 - imb;;;;;
RF000000000081;CA;OR000000000111;AFFERMAGE - câble 48 FO modulo 6 - mixte;A;NEXANS - AFFERMAGE - câble 48 FO modulo 6 - mixte;;;;;
RF000000000082;CA;OR000000000111;AFFERMAGE - câble 48 FO modulo 6 - sout;A;NEXANS - AFFERMAGE - câble 48 FO modulo 6 - sout;;;;;
RF000000000083;CA;OR000000000111;AFFERMAGE - câble 576 FO modulo 12 - sout;A;NEXANS - AFFERMAGE - câble 576 FO modulo 12 - sout;;;;;
RF000000000084;CA;OR000000000111;AFFERMAGE - câble 72 FO modulo 6 - imb;A;NEXANS - AFFERMAGE - câble 72 FO modulo 6 - imb;;;;;
RF000000000085;CA;OR000000000111;AFFERMAGE - câble 72 FO modulo 6 - mixte;A;NEXANS - AFFERMAGE - câble 72 FO modulo 6 - mixte;;;;;
RF000000000086;CA;OR000000000111;AFFERMAGE - câble 72 FO modulo 6 - sout;A;NEXANS - AFFERMAGE - câble 72 FO modulo 6 - sout;;;;;
RF000000000087;CA;OR000000000111;AFFERMAGE - câble 720 FO modulo 12 - sout;A;NEXANS - AFFERMAGE - câble 720 FO modulo 12 - sout;;;;;
RF000000000088;CA;OR000000000111;AFFERMAGE - câble 144 FO modulo 12 - mixte;A;NEXANS - AFFERMAGE - câble 144 FO modulo 12 - mixte;;;;;
RF000000000089;CA;OR000000000111;AFFERMAGE - câble 72 FO modulo 12 - mixte;A;NEXANS - AFFERMAGE - câble 72 FO modulo 12 - mixte;;;;;
RF000000000090;CA;OR000000000111;AFFERMAGE - câble 36 FO modulo 6 - mixte;A;NEXANS - AFFERMAGE - câble 36 FO modulo 6 - mixte;;;;;
RF000000000091;CA;OR000000000116;AFFERMAGE - câble 288 FO modulo 12 - sout - PRYSMIAN TC00548;A;Uniquement CD89 - PRYSMIAN - AFFERMAGE - câble 288 FO modulo 12 - sout - PRYSMIAN TC00548;;;;;
RF000000000092;CA;OR000000000116;AFFERMAGE - câble 12 FO modulo 6 - sout - PRYSMIAN TC00550;A;Uniquement CD89 - PRYSMIAN - AFFERMAGE - câble 12 FO modulo 6 - sout - PRYSMIAN TC00550;;;;;
RF000000000093;CA;OR000000000116;AFFERMAGE - câble 24 FO modulo 6 - sout - PRYSMIAN TC00550;A;Uniquement CD89 - PRYSMIAN - AFFERMAGE - câble 24 FO modulo 6 - sout - PRYSMIAN TC00550;;;;;
RF000000000094;CA;OR000000000116;AFFERMAGE - câble 36 FO modulo 6 - sout - PRYSMIAN TC00550;A;Uniquement CD89 - PRYSMIAN - AFFERMAGE - câble 36 FO modulo 6 - sout - PRYSMIAN TC00550;;;;;
RF000000000095;CA;OR000000000116;AFFERMAGE - câble 48 FO modulo 6 - sout - PRYSMIAN TC00550;A;Uniquement CD89 - PRYSMIAN - AFFERMAGE - câble 48 FO modulo 6 - sout - PRYSMIAN TC00550;;;;;
RF000000000096;CA;OR000000000116;AFFERMAGE - câble 72 FO modulo 6 - sout - PRYSMIAN TC00550;A;Uniquement CD89 - PRYSMIAN - AFFERMAGE - câble 72 FO modulo 6 - sout - PRYSMIAN TC00550;;;;;
RF000000000097;CA;OR000000000116;AFFERMAGE - câble 144 FO modulo 6 - sout - PRYSMIAN TC00550;A;Uniquement CD89 - PRYSMIAN - AFFERMAGE - câble 144 FO modulo 6 - sout - PRYSMIAN TC00550;;;;;
RF000000000098;CA;OR000000000118;AFFERMAGE - câble 144 FO modulo 12 - sout;A;STERLITE - AFFERMAGE - câble 144 FO modulo 12 - sout;;;;;
RF000000000099;CA;OR000000000118;AFFERMAGE - câble 12 FO modulo 6 - sout;A;STERLITE - AFFERMAGE - câble 12 FO modulo 6 - sout;;;;;
RF000000000100;CA;OR000000000118;AFFERMAGE - câble 72 FO modulo 12 - sout;A;STERLITE - AFFERMAGE - câble 72 FO modulo 12 - sout;;;;;
RF000000000101;CA;OR000000000118;AFFERMAGE - câble 12 FO modulo 6 - mixte;A;STERLITE - AFFERMAGE - câble 12 FO modulo 6 - mixte;;;;;
RF000000000102;CA;OR000000000118;AFFERMAGE - câble 12 FO modulo 6 - imb;A;STERLITE - AFFERMAGE - câble 12 FO modulo 6 - imb;;;;;
RF000000000103;CA;OR000000000118;AFFERMAGE - câble 144 FO modulo 12 - imb;A;STERLITE - AFFERMAGE - câble 144 FO modulo 12 - imb;;;;;
RF000000000104;CA;OR000000000118;AFFERMAGE - câble 144 FO modulo 6 - imb;A;STERLITE - AFFERMAGE - câble 144 FO modulo 6 - imb;;;;;
RF000000000105;CA;OR000000000118;AFFERMAGE - câble 144 FO modulo 6 - mixte;A;STERLITE - AFFERMAGE - câble 144 FO modulo 6 - mixte;;;;;
RF000000000106;CA;OR000000000118;AFFERMAGE - câble 144 FO modulo 6 - sout;A;STERLITE - AFFERMAGE - câble 144 FO modulo 6 - sout;;;;;
RF000000000107;CA;OR000000000118;AFFERMAGE - câble 24 FO modulo 6 - imb;A;STERLITE - AFFERMAGE - câble 24 FO modulo 6 - imb;;;;;
RF000000000108;CA;OR000000000118;AFFERMAGE - câble 24 FO modulo 6 - mixte;A;STERLITE - AFFERMAGE - câble 24 FO modulo 6 - mixte;;;;;
RF000000000109;CA;OR000000000118;AFFERMAGE - câble 24 FO modulo 6 - sout;A;STERLITE - AFFERMAGE - câble 24 FO modulo 6 - sout;;;;;
RF000000000110;CA;OR000000000118;AFFERMAGE - câble 288 FO modulo 12 - imb;A;STERLITE - AFFERMAGE - câble 288 FO modulo 12 - imb;;;;;
RF000000000111;CA;OR000000000118;AFFERMAGE - câble 288 FO modulo 12 - sout;A;STERLITE - AFFERMAGE - câble 288 FO modulo 12 - sout;;;;;
RF000000000112;CA;OR000000000118;AFFERMAGE - câble 432 FO modulo 12 - imb;A;STERLITE - AFFERMAGE - câble 432 FO modulo 12 - imb;;;;;
RF000000000113;CA;OR000000000118;AFFERMAGE - câble 432 FO modulo 12 - sout;A;STERLITE - AFFERMAGE - câble 432 FO modulo 12 - sout;;;;;
RF000000000114;CA;OR000000000118;AFFERMAGE - câble 48 FO modulo 6 - imb;A;STERLITE - AFFERMAGE - câble 48 FO modulo 6 - imb;;;;;
RF000000000115;CA;OR000000000118;AFFERMAGE - câble 48 FO modulo 6 - mixte;A;STERLITE - AFFERMAGE - câble 48 FO modulo 6 - mixte;;;;;
RF000000000116;CA;OR000000000118;AFFERMAGE - câble 48 FO modulo 6 - sout;A;STERLITE - AFFERMAGE - câble 48 FO modulo 6 - sout;;;;;
RF000000000117;CA;OR000000000118;AFFERMAGE - câble 576 FO modulo 12 - sout;A;STERLITE - AFFERMAGE - câble 576 FO modulo 12 - sout;;;;;
RF000000000118;CA;OR000000000118;AFFERMAGE - câble 72 FO modulo 6 - imb;A;STERLITE - AFFERMAGE - câble 72 FO modulo 6 - imb;;;;;
RF000000000119;CA;OR000000000118;AFFERMAGE - câble 72 FO modulo 6 - mixte;A;STERLITE - AFFERMAGE - câble 72 FO modulo 6 - mixte;;;;;
RF000000000120;CA;OR000000000118;AFFERMAGE - câble 72 FO modulo 6 - sout;A;STERLITE - AFFERMAGE - câble 72 FO modulo 6 - sout;;;;;
RF000000000121;CA;OR000000000118;AFFERMAGE - câble 720 FO modulo 12 - sout;A;STERLITE - AFFERMAGE - câble 720 FO modulo 12 - sout;;;;;
RF000000000122;CA;OR000000000118;AFFERMAGE - câble 144 FO modulo 12 - mixte;A;STERLITE - AFFERMAGE - câble 144 FO modulo 12 - mixte;;;;;
RF000000000123;CA;OR000000000118;AFFERMAGE - câble 72 FO modulo 12 - mixte;A;STERLITE - AFFERMAGE - câble 72 FO modulo 12 - mixte;;;;;
RF000000000124;CA;OR000000000118;AFFERMAGE - câble 36 FO modulo 6 - mixte;A;STERLITE - AFFERMAGE - câble 36 FO modulo 6 - mixte;;;;;
RF000000000125;CA;OR000000000120;AFFERMAGE - câble 12 FO modulo 6 - mixte;A;GENERIQUE - AFFERMAGE - câble 12 FO modulo 6;;;;;
RF000000000126;CA;OR000000000120;AFFERMAGE - câble 144 FO modulo 12 - mixte;A;GENERIQUE - AFFERMAGE - câble 144 FO modulo 12;;;;;
RF000000000127;CA;OR000000000120;AFFERMAGE - câble 72 FO modulo 12 - mixte;A;GENERIQUE - AFFERMAGE - câble 72 FO modulo 12;;;;;
RF000000000128;CA;OR000000000120;AFFERMAGE - câble 144 FO modulo 6 - mixte;A;GENERIQUE - AFFERMAGE - câble 144 FO modulo 6;;;;;
RF000000000129;CA;OR000000000120;AFFERMAGE - câble 36 FO modulo 6 - mixte;A;GENERIQUE - AFFERMAGE - câble 36 FO modulo 6;;;;;
RF000000000130;CA;OR000000000120;AFFERMAGE - câble 72 FO modulo 6 - mixte;A;GENERIQUE - AFFERMAGE - câble 72 FO modulo 6;;;;;
RF000000000131;CA;OR000000000120;AFFERMAGE - câble 24 FO modulo 6 - mixte;A;GENERIQUE - AFFERMAGE - câble 24 FO modulo 6;;;;;
RF000000000132;CA;OR000000000120;AFFERMAGE - câble 36 FO modulo 12 - mixte;A;GENERIQUE - AFFERMAGE - câble 36 FO modulo 12;;;;;
RF000000000133;CA;OR000000000120;AFFERMAGE - câble 48 FO modulo 6 - mixte;A;GENERIQUE - AFFERMAGE - câble 48 FO modulo 6;;;;;
RF000000000134;CA;OR000000000121;AFFERMAGE - câble 144 FO modulo 12 - sout;A;LS CABLE SYSTEM - AFFERMAGE - câble 144 FO modulo 12 - sout;;;;;
RF000000000135;CA;OR000000000121;AFFERMAGE - câble 12 FO modulo 6 - sout;A;LS CABLE SYSTEM - AFFERMAGE - câble 12 FO modulo 6 - sout;;;;;
RF000000000136;CA;OR000000000121;AFFERMAGE - câble 72 FO modulo 12 - sout;A;LS CABLE SYSTEM - AFFERMAGE - câble 72 FO modulo 12 - sout;;;;;
RF000000000137;CA;OR000000000121;AFFERMAGE - câble 12 FO modulo 6 - mixte;A;LS CABLE SYSTEM - AFFERMAGE - câble 12 FO modulo 6 - mixte;;;;;
RF000000000138;CA;OR000000000121;AFFERMAGE - câble 12 FO modulo 6 - imb;A;LS CABLE SYSTEM - AFFERMAGE - câble 12 FO modulo 6 - imb;;;;;
RF000000000139;CA;OR000000000121;AFFERMAGE - câble 144 FO modulo 12 - imb;A;LS CABLE SYSTEM - AFFERMAGE - câble 144 FO modulo 12 - imb;;;;;
RF000000000140;CA;OR000000000121;AFFERMAGE - câble 144 FO modulo 6 - imb;A;LS CABLE SYSTEM - AFFERMAGE - câble 144 FO modulo 6 - imb;;;;;
RF000000000141;CA;OR000000000121;AFFERMAGE - câble 144 FO modulo 6 - mixte;A;LS CABLE SYSTEM - AFFERMAGE - câble 144 FO modulo 6 - mixte;;;;;
RF000000000142;CA;OR000000000121;AFFERMAGE - câble 144 FO modulo 6 - sout;A;LS CABLE SYSTEM - AFFERMAGE - câble 144 FO modulo 6 - sout;;;;;
RF000000000143;CA;OR000000000121;AFFERMAGE - câble 24 FO modulo 6 - imb;A;LS CABLE SYSTEM - AFFERMAGE - câble 24 FO modulo 6 - imb;;;;;
RF000000000144;CA;OR000000000121;AFFERMAGE - câble 24 FO modulo 6 - mixte;A;LS CABLE SYSTEM - AFFERMAGE - câble 24 FO modulo 6 - mixte;;;;;
RF000000000145;CA;OR000000000121;AFFERMAGE - câble 24 FO modulo 6 - sout;A;LS CABLE SYSTEM - AFFERMAGE - câble 24 FO modulo 6 - sout;;;;;
RF000000000146;CA;OR000000000121;AFFERMAGE - câble 288 FO modulo 12 - imb;A;LS CABLE SYSTEM - AFFERMAGE - câble 288 FO modulo 12 - imb;;;;;
RF000000000147;CA;OR000000000121;AFFERMAGE - câble 288 FO modulo 12 - sout;A;LS CABLE SYSTEM - AFFERMAGE - câble 288 FO modulo 12 - sout;;;;;
RF000000000148;CA;OR000000000121;AFFERMAGE - câble 432 FO modulo 12 - imb;A;LS CABLE SYSTEM - AFFERMAGE - câble 432 FO modulo 12 - imb;;;;;
RF000000000149;CA;OR000000000121;AFFERMAGE - câble 432 FO modulo 12 - sout;A;LS CABLE SYSTEM - AFFERMAGE - câble 432 FO modulo 12 - sout;;;;;
RF000000000150;CA;OR000000000121;AFFERMAGE - câble 48 FO modulo 6 - imb;A;LS CABLE SYSTEM - AFFERMAGE - câble 48 FO modulo 6 - imb;;;;;
RF000000000151;CA;OR000000000121;AFFERMAGE - câble 48 FO modulo 6 - mixte;A;LS CABLE SYSTEM - AFFERMAGE - câble 48 FO modulo 6 - mixte;;;;;
RF000000000152;CA;OR000000000121;AFFERMAGE - câble 48 FO modulo 6 - sout;A;LS CABLE SYSTEM - AFFERMAGE - câble 48 FO modulo 6 - sout;;;;;
RF000000000153;CA;OR000000000121;AFFERMAGE - câble 576 FO modulo 12 - sout;A;LS CABLE SYSTEM - AFFERMAGE - câble 576 FO modulo 12 - sout;;;;;
RF000000000154;CA;OR000000000121;AFFERMAGE - câble 72 FO modulo 6 - imb;A;LS CABLE SYSTEM - AFFERMAGE - câble 72 FO modulo 6 - imb;;;;;
RF000000000155;CA;OR000000000121;AFFERMAGE - câble 72 FO modulo 6 - mixte;A;LS CABLE SYSTEM - AFFERMAGE - câble 72 FO modulo 6 - mixte;;;;;
RF000000000156;CA;OR000000000121;AFFERMAGE - câble 72 FO modulo 6 - sout;A;LS CABLE SYSTEM - AFFERMAGE - câble 72 FO modulo 6 - sout;;;;;
RF000000000157;CA;OR000000000121;AFFERMAGE - câble 720 FO modulo 12 - sout;A;LS CABLE SYSTEM - AFFERMAGE - câble 720 FO modulo 12 - sout;;;;;
RF000000000158;CA;OR000000000121;AFFERMAGE - câble 144 FO modulo 12 - mixte;A;LS CABLE SYSTEM - AFFERMAGE - câble 144 FO modulo 12 - mixte;;;;;
RF000000000159;CA;OR000000000121;AFFERMAGE - câble 72 FO modulo 12 - mixte;A;LS CABLE SYSTEM - AFFERMAGE - câble 72 FO modulo 12 - mixte;;;;;
RF000000000160;CA;OR000000000121;AFFERMAGE - câble 36 FO modulo 6 - mixte;A;LS CABLE SYSTEM - AFFERMAGE - câble 36 FO modulo 6 - mixte;;;;;
RF000000000161;CA;OR000000000122;AFFERMAGE - câble 144 FO modulo 12 - sout;A;TELDOR - AFFERMAGE - câble 144 FO modulo 12 - sout;;;;;
RF000000000162;CA;OR000000000122;AFFERMAGE - câble 12 FO modulo 6 - sout;A;TELDOR - AFFERMAGE - câble 12 FO modulo 6 - sout;;;;;
RF000000000163;CA;OR000000000122;AFFERMAGE - câble 72 FO modulo 12 - sout;A;TELDOR - AFFERMAGE - câble 72 FO modulo 12 - sout;;;;;
RF000000000164;CA;OR000000000122;AFFERMAGE - câble 12 FO modulo 6 - mixte;A;TELDOR - AFFERMAGE - câble 12 FO modulo 6 - mixte;;;;;
RF000000000165;CA;OR000000000122;AFFERMAGE - câble 12 FO modulo 6 - imb;A;TELDOR - AFFERMAGE - câble 12 FO modulo 6 - imb;;;;;
RF000000000166;CA;OR000000000122;AFFERMAGE - câble 144 FO modulo 12 - imb;A;TELDOR - AFFERMAGE - câble 144 FO modulo 12 - imb;;;;;
RF000000000167;CA;OR000000000122;AFFERMAGE - câble 144 FO modulo 6 - imb;A;TELDOR - AFFERMAGE - câble 144 FO modulo 6 - imb;;;;;
RF000000000168;CA;OR000000000122;AFFERMAGE - câble 144 FO modulo 6 - mixte;A;TELDOR - AFFERMAGE - câble 144 FO modulo 6 - mixte;;;;;
RF000000000169;CA;OR000000000122;AFFERMAGE - câble 144 FO modulo 6 - sout;A;TELDOR - AFFERMAGE - câble 144 FO modulo 6 - sout;;;;;
RF000000000170;CA;OR000000000122;AFFERMAGE - câble 24 FO modulo 6 - imb;A;TELDOR - AFFERMAGE - câble 24 FO modulo 6 - imb;;;;;
RF000000000171;CA;OR000000000122;AFFERMAGE - câble 24 FO modulo 6 - mixte;A;TELDOR - AFFERMAGE - câble 24 FO modulo 6 - mixte;;;;;
RF000000000172;CA;OR000000000122;AFFERMAGE - câble 24 FO modulo 6 - sout;A;TELDOR - AFFERMAGE - câble 24 FO modulo 6 - sout;;;;;
RF000000000173;CA;OR000000000122;AFFERMAGE - câble 288 FO modulo 12 - imb;A;TELDOR - AFFERMAGE - câble 288 FO modulo 12 - imb;;;;;
RF000000000174;CA;OR000000000122;AFFERMAGE - câble 288 FO modulo 12 - sout;A;TELDOR - AFFERMAGE - câble 288 FO modulo 12 - sout;;;;;
RF000000000175;CA;OR000000000122;AFFERMAGE - câble 432 FO modulo 12 - imb;A;TELDOR - AFFERMAGE - câble 432 FO modulo 12 - imb;;;;;
RF000000000176;CA;OR000000000122;AFFERMAGE - câble 432 FO modulo 12 - sout;A;TELDOR - AFFERMAGE - câble 432 FO modulo 12 - sout;;;;;
RF000000000177;CA;OR000000000122;AFFERMAGE - câble 48 FO modulo 6 - imb;A;TELDOR - AFFERMAGE - câble 48 FO modulo 6 - imb;;;;;
RF000000000178;CA;OR000000000122;AFFERMAGE - câble 48 FO modulo 6 - mixte;A;TELDOR - AFFERMAGE - câble 48 FO modulo 6 - mixte;;;;;
RF000000000179;CA;OR000000000122;AFFERMAGE - câble 48 FO modulo 6 - sout;A;TELDOR - AFFERMAGE - câble 48 FO modulo 6 - sout;;;;;
RF000000000180;CA;OR000000000122;AFFERMAGE - câble 576 FO modulo 12 - sout;A;TELDOR - AFFERMAGE - câble 576 FO modulo 12 - sout;;;;;
RF000000000181;CA;OR000000000122;AFFERMAGE - câble 72 FO modulo 6 - imb;A;TELDOR - AFFERMAGE - câble 72 FO modulo 6 - imb;;;;;
RF000000000182;CA;OR000000000122;AFFERMAGE - câble 72 FO modulo 6 - mixte;A;TELDOR - AFFERMAGE - câble 72 FO modulo 6 - mixte;;;;;
RF000000000183;CA;OR000000000122;AFFERMAGE - câble 72 FO modulo 6 - sout;A;TELDOR - AFFERMAGE - câble 72 FO modulo 6 - sout;;;;;
RF000000000184;CA;OR000000000122;AFFERMAGE - câble 720 FO modulo 12 - sout;A;TELDOR - AFFERMAGE - câble 720 FO modulo 12 - sout;;;;;
RF000000000185;CA;OR000000000122;AFFERMAGE - câble 144 FO modulo 12 - mixte;A;TELDOR - AFFERMAGE - câble 144 FO modulo 12 - mixte;;;;;
RF000000000186;CA;OR000000000122;AFFERMAGE - câble 72 FO modulo 12 - mixte;A;TELDOR - AFFERMAGE - câble 72 FO modulo 12 - mixte;;;;;
RF000000000187;CA;OR000000000122;AFFERMAGE - câble 36 FO modulo 6 - mixte;A;TELDOR - AFFERMAGE - câble 36 FO modulo 6 - mixte;;;;;
RF000000000188;CS;OR000000000120;Module 24 épissures Client;A;Pour Tete Client & FTTE dans PMZ (baie Droite);;;;;
RF000000000189;CS;OR000000000120;Splicing module 24 splices with pigtails;A;À utiliser avec -Module Operateur POB nX24- (n allant de 2 a 6);;;;;
RF000000000190;CS;OR000000000120;Module 6 Epissures;A;Module 6 Epissures;;;;;
RF000000000191;CS;OR000000000120;Module d'Epissurage (12 Epissures);A;Module d Epissurage (12 Epissures);;;;;
RF000000000192;TI;OR000000000108;POB 48 FTTE;A;Idea Optical - ITOM -48 1U (modulo 6);;;;;
RF000000000193;TI;OR000000000108;Module Operateur POB 2X24;A;Idea Optical - ITOM - 48 1U (modulo 12 Tiroir  transport Ã  utiliser en double quand ITOM 96 2U non Dispo;;;;;
RF000000000194;TI;OR000000000108;Tete Client 144fo 6x24;A;Idea Optical - ITOM -144 3U (modulo 6);;;;;
RF000000000195;TI;OR000000000108;Module Operateur POB 6X24;A;Idea Optical- ITOM -144 3U (modulo 12);;;;;
RF000000000196;TI;OR000000000108;Module Operateur POB 4X24;A;Idea Optical - ITOM - 96 2U (modulo 12);;;;;
RF000000000197;TI;OR000000000120;(Pas géré dans IPON);A;POS (plateau de stockage) cote droit;;;;;
RF000000000198;CA;OR000000000120;AFFERMAGE - câble 288 FO modulo 12 - sout;A;GENERIQUE - AFFERMAGE - câble 288 FO modulo 12;;;;;
RF000000000199;CA;OR000000000120;AFFERMAGE - câble 432 FO modulo 12 - sout;A;GENERIQUE - AFFERMAGE - câble 432 FO modulo 12;;;;;
RF000000000200;CA;OR000000000120;AFFERMAGE - câble 576 FO modulo 12 - sout;A;GENERIQUE - AFFERMAGE - câble 576 FO modulo 12;;;;;
RF000000000201;CA;OR000000000120;AFFERMAGE - câble 720 FO modulo 12 - sout;A;GENERIQUE - AFFERMAGE - câble 720 FO modulo 12;;;;;
RF000000000202;CA;OR000000000120;AFFERMAGE - câble 6 FO modulo 6 - mixte;A;GENERIQUE - AFFERMAGE - câble 6 FO modulo 6;;;;;
RF000000000203;CA;OR000000000120;AFFERMAGE - câble 48 FO modulo 12 - mixte;A;GENERIQUE - AFFERMAGE - câble 48 FO modulo 12;;;;;
RF000000000204;CA;OR000000000120;AFFERMAGE - câble 108 FO modulo 6 - mixte;A;GENERIQUE - AFFERMAGE - câble 108 FO modulo 6;;;;;
RF000000000205;CA;OR000000000120;AFFERMAGE - câble 108 FO modulo 12 - mixte;A;GENERIQUE - AFFERMAGE - câble 108 FO modulo 12;;;;;
RF000000000206;CA;OR000000000120;AFFERMAGE - câble 96 FO modulo 6 - mixte;A;GENERIQUE - AFFERMAGE - câble 96 FO modulo 6;;;;;
RF000000000207;CA;OR000000000120;AFFERMAGE - câble 96 FO modulo 12 - mixte;A;GENERIQUE - AFFERMAGE - câble 96 FO modulo 12;;;;;
RF000000000208;CA;OR000000000120;AFFERMAGE - câble 6 FO modulo 6 - mixte ;A;GENERIQUE - AFFERMAGE - câble 6 FO modulo 6 - mixte ;;;;;
RF000000000209;CA;OR000000000120;AFFERMAGE - câble 48 FO modulo 12 - mixte ;A;GENERIQUE - AFFERMAGE - câble 48 FO modulo 12 - mixte ;;;;;
RF000000000210;CA;OR000000000120;AFFERMAGE - câble 108 FO modulo 6 - mixte ;A;GENERIQUE - AFFERMAGE - câble 108 FO modulo 6 - mixte ;;;;;
RF000000000211;CA;OR000000000120;AFFERMAGE - câble 108 FO modulo 12 - mixte ;A;GENERIQUE - AFFERMAGE - câble 108 FO modulo 12 - mixte ;;;;;
RF000000000212;CA;OR000000000120;AFFERMAGE - câble 96 FO modulo 6 - mixte ;A;GENERIQUE - AFFERMAGE - câble 96 FO modulo 6 - mixte ;;;;;
RF000000000213;CA;OR000000000120;AFFERMAGE - câble 96 FO modulo 12 - mixte;A;GENERIQUE - AFFERMAGE - câble 96 FO modulo 12 - mixte;;;;;
RF000000000214;TI;OR000000000120;Tete Operateur 128fo avec cordons;A;Supprimé - Obligatoire dans chaque SRO porte gauche et position 1;;;;;
RF000000000215;BP;OR000000000100;AFFERMAGE - PBO 8-16-24-32;A;BOITE DE PROTECTION D'EPISSURES - BPE/O - 1 EVOL CDP 12 PAS;;;;;
RF000000000216;BP;OR000000000100;AFFERMAGE - PBO 8-16-24-32;A;BOITE DE PROTECTION D'EPISSURES - BPE/O - 1 EVOL EDP 12 PAS;;;;;
RF000000000217;BP;OR000000000100;AFFERMAGE - PBO 8-16-24-32;A;BOITE DE PROTECTION D'EPISSURES - BPE/O - 1 EVOL EOC 12 PAS;;;;;
RF000000000218;BP;OR000000000100;AFFERMAGE - PBO 8-16-24-32;A;BOITE DE PROTECTION D'EPISSURES - BPE/O - 1 EVOL FDP 12 PAS;;;;;
RF000000000219;BP;OR000000000111;AFFERMAGE - PBO 8-16-24-32;A;NEXANS VERTHOR;;;;;
RF000000000220;BP;OR000000000100;AFFERMAGE - 3M - T1NG (4K7 bi-zone);A;PBO NG 48FO FAC_POT;;;;;
RF000000000221;BP;OR000000000100;AFFERMAGE - PB 3M Souterrain Mono Multi 4 cassettes;A;BPEO-T0 48FO SOUT;;;;;
RF000000000222;BP;OR000000000100;AFFERMAGE - 3M - Taille 1 (12 K7);A;BPE-O T1 EDP 144 Fo;;;;;
RF000000000223;BP;OR000000000100;AFFERMAGE - 3M - Taille 2 (24 K7);A;BPE-O T2 EDP 336 Fo;;;;;
RF000000000224;BP;OR000000000111;AFFERMAGE - PB Nexans Black Box;A;BLACKBOX 72FO T36;;;;;
RF000000000225;TI;OR000000000108;POB 48 FTTH;A;Idea Optical - ITOM -48 1U (modulo 6);;;;;
RF000000000226;TI;OR000000000108;POB 48 FTTH;A;TIROIR 1U 48FO (ITOM 48);;;;;
RF000000000228;TI;OR000000000108;Tete Client 144fo;A;TIROIR 3U 144FO (ITOM 144) - Porte de droite - Porte de gauche possible pour du FTTE;;;;;
RF000000000229;TI;OR000000000120;(Pas géré dans IPON);A;TIROIR 1U STOCKAGE;;;;;
RF000000000231;BA;OR000000000120;Ferme 3.25m;A;FERME 8U;;;;;
RF000000000232;BA;OR000000000120;Ferme 2m;A;FERME 6U;;;;;
RF000000000233;TI;OR000000000120;TDC 144FO;A;TIROIR 1U 144FO POUR FERME;;;;;
RF000000000234;BA;OR000000000108;AFFERMAGE - PM mono - PM Double Baie - 8 POB 144 - 1152 EL;A;IDEA OPTICAL PM800 2X40U;;;;;
RF000000000235;BA;OR000000000108;AFFERMAGE - PM mono - PM Double Baie - 4 POB 144 - 576 EL;A;IDEA OPTICAL PM600 2X28U;;;;;
RF000000000236;BA;OR000000000108;AFFERMAGE - PM mono - PM Double Baie - 8 POB 144 - 1152 EL;A;BAIE IDEA OPTICAL 40U;;;;;
RF000000000237;BA;OR000000000108;AFFERMAGE - PM mono - PM Double Baie - 4 POB 144 - 576 EL;A;BAIE IDEA OPTICAL 28U;;;;;
RF000000000238;CA;OR000000000116;AFFERMAGE - câble 6 FO modulo 6 - mixte;A;PRYSMIAN - AFFERMAGE - câble 6 FO modulo 6 - mixte;;;;;
RF000000000239;CA;OR000000000116;AFFERMAGE - câble 12 FO modulo 6 - imb;A;PRYSMIAN - AFFERMAGE - câble 12 FO modulo 6 - imb;;;;;
RF000000000240;CA;OR000000000116;AFFERMAGE - câble 12 FO modulo 6 - mixte;A;PRYSMIAN - AFFERMAGE - câble 12 FO modulo 6 - mixte;;;;;
RF000000000241;CA;OR000000000116;AFFERMAGE - câble 12 FO modulo 6 - sout;A;PRYSMIAN - AFFERMAGE - câble 12 FO modulo 6 - sout;;;;;
RF000000000242;CA;OR000000000116;AFFERMAGE - câble 24 FO modulo 6 - imb;A;PRYSMIAN - AFFERMAGE - câble 24 FO modulo 6 - imb;;;;;
RF000000000243;CA;OR000000000116;AFFERMAGE - câble 24 FO modulo 6 - mixte;A;PRYSMIAN - AFFERMAGE - câble 24 FO modulo 6 - mixte;;;;;
RF000000000244;CA;OR000000000116;AFFERMAGE - câble 24 FO modulo 6 - sout;A;PRYSMIAN - AFFERMAGE - câble 24 FO modulo 6 - sout;;;;;
RF000000000245;CA;OR000000000116;AFFERMAGE - câble 36 FO modulo 12 - mixte;A;PRYSMIAN - AFFERMAGE - câble 36 FO modulo 12 - mixte;;;;;
RF000000000246;CA;OR000000000116;AFFERMAGE - câble 36 FO modulo 6 - mixte;A;PRYSMIAN - AFFERMAGE - câble 36 FO modulo 6 - mixte;;;;;
RF000000000247;CA;OR000000000116;AFFERMAGE - câble 48 FO modulo 12 - mixte;A;PRYSMIAN - AFFERMAGE - câble 48 FO modulo 12 - mixte;;;;;
RF000000000248;CA;OR000000000116;AFFERMAGE - câble 48 FO modulo 6 - imb;A;PRYSMIAN - AFFERMAGE - câble 48 FO modulo 6 - imb;;;;;
RF000000000249;CA;OR000000000116;AFFERMAGE - câble 48 FO modulo 6 - mixte;A;PRYSMIAN - AFFERMAGE - câble 48 FO modulo 6 - mixte;;;;;
RF000000000250;CA;OR000000000116;AFFERMAGE - câble 48 FO modulo 6 - sout;A;PRYSMIAN - AFFERMAGE - câble 48 FO modulo 6 - sout;;;;;
RF000000000251;CA;OR000000000116;AFFERMAGE - câble 72 FO modulo 12 - mixte;A;PRYSMIAN - AFFERMAGE - câble 72 FO modulo 12 - mixte;;;;;
RF000000000252;CA;OR000000000116;AFFERMAGE - câble 72 FO modulo 12 - sout;A;PRYSMIAN - AFFERMAGE - câble 72 FO modulo 12 - sout;;;;;
RF000000000253;CA;OR000000000116;AFFERMAGE - câble 72 FO modulo 6 - imb;A;PRYSMIAN - AFFERMAGE - câble 72 FO modulo 6 - imb;;;;;
RF000000000254;CA;OR000000000116;AFFERMAGE - câble 72 FO modulo 6 - mixte;A;PRYSMIAN - AFFERMAGE - câble 72 FO modulo 6 - mixte;;;;;
RF000000000255;CA;OR000000000116;AFFERMAGE - câble 72 FO modulo 6 - sout;A;PRYSMIAN - AFFERMAGE - câble 72 FO modulo 6 - sout;;;;;
RF000000000256;CA;OR000000000116;AFFERMAGE - câble 96 FO modulo 12 - mixte;A;PRYSMIAN - AFFERMAGE - câble 96 FO modulo 12 - mixte;;;;;
RF000000000257;CA;OR000000000116;AFFERMAGE - câble 96 FO modulo 6 - mixte;A;PRYSMIAN - AFFERMAGE - câble 96 FO modulo 6 - mixte;;;;;
RF000000000258;CA;OR000000000116;AFFERMAGE - câble 108 FO modulo 12 - mixte;A;PRYSMIAN - AFFERMAGE - câble 108 FO modulo 12 - mixte;;;;;
RF000000000259;CA;OR000000000116;AFFERMAGE - câble 108 FO modulo 6 - mixte ;A;PRYSMIAN - AFFERMAGE - câble 108 FO modulo 6 - mixte ;;;;;
RF000000000260;CA;OR000000000116;AFFERMAGE - câble 144 FO modulo 12 - imb;A;PRYSMIAN - AFFERMAGE - câble 144 FO modulo 12 - imb;;;;;
RF000000000261;CA;OR000000000116;AFFERMAGE - câble 144 FO modulo 12 - mixte;A;PRYSMIAN - AFFERMAGE - câble 144 FO modulo 12 - mixte;;;;;
RF000000000262;CA;OR000000000116;AFFERMAGE - câble 144 FO modulo 12 - sout;A;PRYSMIAN - AFFERMAGE - câble 144 FO modulo 12 - sout;;;;;
RF000000000263;CA;OR000000000116;AFFERMAGE - câble 144 FO modulo 6 - imb;A;PRYSMIAN - AFFERMAGE - câble 144 FO modulo 6 - imb;;;;;
RF000000000264;CA;OR000000000116;AFFERMAGE - câble 144 FO modulo 6 - mixte;A;PRYSMIAN - AFFERMAGE - câble 144 FO modulo 6 - mixte;;;;;
RF000000000265;CA;OR000000000116;AFFERMAGE - câble 144 FO modulo 6 - sout;A;PRYSMIAN - AFFERMAGE - câble 144 FO modulo 6 - sout;;;;;
RF000000000266;CA;OR000000000116;AFFERMAGE - câble 288 FO modulo 12 - imb;A;PRYSMIAN - AFFERMAGE - câble 288 FO modulo 12 - imb;;;;;
RF000000000267;CA;OR000000000116;AFFERMAGE - câble 288 FO modulo 12 - sout;A;PRYSMIAN - AFFERMAGE - câble 288 FO modulo 12 - sout;;;;;
RF000000000268;CA;OR000000000116;AFFERMAGE - câble 432 FO modulo 12 - imb;A;PRYSMIAN - AFFERMAGE - câble 432 FO modulo 12 - imb;;;;;
RF000000000269;CA;OR000000000116;AFFERMAGE - câble 432 FO modulo 12 - sout;A;PRYSMIAN - AFFERMAGE - câble 432 FO modulo 12 - sout;;;;;
RF000000000270;CA;OR000000000116;AFFERMAGE - câble 576 FO modulo 12 - sout;A;PRYSMIAN - AFFERMAGE - câble 576 FO modulo 12 - sout;;;;;
RF000000000271;CA;OR000000000116;AFFERMAGE - câble 720 FO modulo 12 - sout;A;PRYSMIAN - AFFERMAGE - câble 720 FO modulo 12 - sout;;;;;
RF000000000272;BA;OR000000000123;AFFERMAGE - PM mono - PM Double Baie - 8 POB 144 - 1152 EL;A;GROLLEAU PM800 2X40U;;;;;
RF000000000273;BA;OR000000000123;AFFERMAGE - PM mono - PM Double Baie - 4 POB 144 - 576 EL;A;GROLLEAU PM600 2X28U;;;;;
RF000000000274;TI;OR000000000108;Module Operateur POB 4X24;A;TIROIR 2U 96FO (ITOM 96);;;;;
RF000000000275;CS;OR000000000120;Module 36 Epissures;A;Module 36 Epissures;;;;;
RF000000000276;CA;OR000000000116;AFFERMAGE - câble 288 FO modulo 12 - sout;A;PRYSMIAN - TF103G - 288 FO modulo 12 - souterrain;;;;;
RF000000000277;CA;OR000000000116;AFFERMAGE - câble 144 FO modulo 6 - sout;A;PRYSMIAN - TF103D - 144 FO modulo 6 - souterrain;;;;;
RF000000000278;CA;OR000000000116;AFFERMAGE - câble 72 FO modulo 6 - sout;A;PRYSMIAN - TF103D - 72 FO modulo 6 - souterrain;;;;;
RF000000000279;CA;OR000000000116;AFFERMAGE - câble 48 FO modulo 6 - sout;A;PRYSMIAN - TF103D - 48 FO modulo 6 - souterrain;;;;;
RF000000000280;CA;OR000000000116;AFFERMAGE - câble 12 FO modulo 6 - mixte;A;PRYSMIAN - TF303D - 12 FO modulo 6 - aérien souterrain;;;;;
RF000000000281;CA;OR000000000116;AFFERMAGE - câble 48 FO modulo 6 - mixte;A;PRYSMIAN - TF303D - 48 FO modulo 6 - aérien;;;;;
RF000000000282;CA;OR000000000116;AFFERMAGE - câble 72 FO modulo 6 - mixte;A;PRYSMIAN - TF303D - 72 FO modulo 6 - aérien;;;;;
RF000000000283;CA;OR000000000116;AFFERMAGE - câble 144 FO modulo 6 - mixte;A;PRYSMIAN - TF303D - 144 FO modulo 6 - aérien;;;;;
RF000000000290;CA;OR000000000120;AFFERMAGE - câble 72 FO modulo 12 - sout;A;GENERIQUE - AFFERMAGE - câble 72 FO modulo 12 - sout;;;;;
RF000000000291;TI;OR000000000120;TDC 144FO;A;Tete de 12 cassettes de 12 epissures pour ferme;;;;;
RF000000000292;TI;OR000000000120;Tete Client 144fo 6x24;A;Tiroir de 6 cassettes de 24 epissures;;;;;
RF000000000293;CS;OR000000000120;CASSETTE FICTIVE 6 Epissures;A;CASSETTE FICTIVE 6 Epissures;;;;;
RF000000000294;CS;OR000000000120;CASSETTE FICTIVE 12 Epissures;A;CASSETTE FICTIVE 12 Epissures;;;;;
RF000000000295;CS;OR000000000120;CASSETTE FICTIVE 24 Epissures;A;CASSETTE FICTIVE 24 Epissures;;;;;
RF000000000296;CS;OR000000000120;CASSETTE FICTIVE 36 Epissures;A;CASSETTE FICTIVE 36 Epissures;;;;;
RF000000000297;CS;OR000000000120;CASSETTE FICTIVE X Epissures;A;CASSETTE FICTIVE X Epissures;;;;;
RF000000000298;BP;OR000000000103;AFFERMAGE - PEO T3 288;A;Commscope Tenio T2;;;;;
RF000000000299;CA;OR000000000122;AFFERMAGE - câble 6 FO modulo 6 - mixte;A;Teldor : câble 6 FO modulo 6 – mixte;;;;;
RF000000000300;CA;OR000000000118;AFFERMAGE - câble 36 FO modulo 12 - mixte;A;Sterlite : câble 36 FO modulo 12 – sout;;;;;
RF000000000301;BP;OR000000000103;AFFERMAGE - PEO 720 FO;A;COMMSCOPE FIST-GCO2-BC6;;;;;
RF000000000302;BP;OR000000000103;AFFERMAGE - PEO T3 288;A;COMMSCOPE FIST-GCO2-FR6;;;;;
RF000000000303;BP;OR000000000100;AFFERMAGE - PEO T2 144;A;CORNING BPEO-T1,5 – Branch;;;;;
RF000000000304;CS;OR000000000120;Module 24 épissures;A;Cassette_24 epissures;;;;;
RF000000000305;CA;OR000000000101;AFFERMAGE - câble 6 FO modulo 6 - mixte;A;ACOME - AFFERMAGE - cable 6 FO modulo 6 LSOH - imb – N9724A;;;;;
RF000000000306;CA;OR000000000106;AFFERMAGE - câble 6 FO modulo 6 - mixte;A;SILEC - AFFERMAGE - cable 6 FO modulo 6 – sout – => 8176A9LNPG;;;;;
RF000000000307;CA;OR000000000106;AFFERMAGE - câble 12 FO modulo 6 - sout;A;SILEC - AFFERMAGE - cable 12 FO modulo 6 – sout – => 817612X;;;;;
RF000000000308;CA;OR000000000106;AFFERMAGE - câble 24 FO modulo 6 - sout;A;SILEC - AFFERMAGE - cable 24 FO modulo 6 – sout – => 817624X;;;;;
RF000000000309;CA;OR000000000106;AFFERMAGE - câble 36 FO modulo 6 - mixte;A;SILEC - AFFERMAGE - cable 36 FO modulo 6 – sout – => 817636X;;;;;
RF000000000310;CA;OR000000000106;AFFERMAGE - câble 48 FO modulo 6 - sout;A;SILEC - AFFERMAGE - cable 48 FO modulo 6 – sout – => 817648X;;;;;
RF000000000311;CA;OR000000000106;AFFERMAGE - câble 72 FO modulo 6 - sout;A;SILEC - AFFERMAGE - cable 72 FO modulo 6 – sout – => 817672X;;;;;
RF000000000312;CA;OR000000000106;AFFERMAGE - câble 144 FO modulo 6 - sout;A;SILEC - AFFERMAGE - cable 144 FO modulo 6 – sout – => 8176ASX;;;;;
RF000000000313;CA;OR000000000106;AFFERMAGE - câble 72 FO modulo 12 - sout;A;SILEC - AFFERMAGE - cable 72 FO modulo 12 – sout – => 817A72X;;;;;
RF000000000314;CA;OR000000000106;AFFERMAGE - câble 144 FO modulo 12 - sout;A;SILEC - AFFERMAGE - cable 144 FO modulo 12 – sout – => 817AASX;;;;;
RF000000000315;CA;OR000000000101;AFFERMAGE - câble 720 FO modulo 12 - sout;A;ACOME - AFFERMAGE - cable 720 FO modulo 12 – sout – => N9285F;;;;;
RF000000000316;BP;OR000000000100;AFFERMAGE - PBO 6-12-24-48;A;PBI PBPO - 48FO;;;;;
RF000000000317;BP;OR000000000103;AFFERMAGE - PEO 720 FO;A;COMMSCOPE FIST-GCO2-BD6;;;;;
RF000000000318;BP;OR000000000100;AFFERMAGE - PBO 6-12-24-48;A;BPE/O - 3 EVOL CDP 48 PAS;;;;;
RF000000000319;BP;OR000000000103;AFFERMAGE - PEO 720 FO;A;COMMSCOPE FIST-GCO2-BC8 (672 FO - 56 cassettes);;;;;
RF000000000320;BP;OR000000000103;AFFERMAGE - PEO 720 FO;A;COMMSCOPE FIST-GCO2-BD8 (960 FO - 80 cassettes);;;;;
RF000000000321;BP;OR000000000100;AFFERMAGE - PEO T2 144;A;PBO NG T2 - 144FO (BPI / BTI);;;;;
RF000000000322;BP;OR000000000100;AFFERMAGE - 3M - Taille 1 (12 K7);A;3M BPEO T1 - CDP 144ep;;;;;
RF000000000323;BP;OR000000000100;AFFERMAGE - 3M - Taille 1 (12 K7);A;3M BPEO T1 - EDP 144ep;;;;;
RF000000000324;BP;OR000000000100;AFFERMAGE - 3M - Taille 1 (12 K7);A;3M BPEO T1 - FDP Branchement 144ep;;;;;
RF000000000325;BP;OR000000000100;AFFERMAGE - PEO T2 144;A;3M BPEO T1.5 - FDP Branchement 144ep;;;;;
RF000000000326;BP;OR000000000100;AFFERMAGE - 3M - T1NG (4K7 bi-zone);A;3M PBO-NG-T1-48ep;;;;;
RF000000000327;BP;OR000000000100;AFFERMAGE - 3M - Taille 2 (24 K7);A;3M BPEO T2 - CDP 336ep;;;;;
RF000000000328;BP;OR000000000100;AFFERMAGE - 3M - Taille 2 (24 K7);A;3M BPEO T2 - EDP 336ep;;;;;
RF000000000329;BP;OR000000000100;AFFERMAGE - PEO 720 FO;A;3M BPEO T3 - CDP 576ep;;;;;
RF000000000330;BP;OR000000000100;AFFERMAGE - PEO 720 FO;A;3M BPEO T3 - EDP 576ep;;;;;
RF000000000331;BP;OR000000000100;AFFERMAGE - PB 3M Souterrain Mono Multi 4 cassettes;A;3M BPEO T0 - 48ep;;;;;
RF000000000332;BP;OR000000000103;AFFERMAGE - PEO T3 288;A;Comscope GCO2 FR6 288ep;;;;;
RF000000000333;BP;OR000000000100;AFFERMAGE - PBO 6-12-24-48;A;3M BPEO T0 - IMB  48ep;;;;;
