ti_code;ti_codeext;ti_etiquet;ti_ba_code;ti_prop;ti_etat;ti_type;ti_rf_code;ti_taille;ti_placemt;ti_localis;ti_comment;ti_creadat;ti_majdate;ti_majsrc;ti_abddate;ti_abdsrc
TI711906000001;Tiroir 1;PLATEAU DE LOVAGE;BA715119060001;OR710000000571;;TIROIR;RF000000000229;;;;;2022-03-23;;;;
TI711906000002;Tiroir 2;NRO71410SEI/TR 70 1002;BA715119060001;OR710000000571;;TIROIR;RF000000000194;;;;;2022-03-23;;;;
TI711906000003;Tiroir 3;NRO71410SEI/TR 70 1066;BA715119060001;OR710000000571;;TIROIR;RF000000000194;;;;;2022-03-23;;;;
TI711906000004;Tiroir 4;NRO71410SEI/TR 70 1122;BA715119060001;OR710000000571;;TIROIR;RF000000000194;;;;;2022-03-23;;;;
TI711906000005;Tiroir 5;NRO71410SEI/TR 70 1182;BA715119060001;OR710000000571;;TIROIR;RF000000000194;;;;;2022-03-23;;;;
