NOE_CAT;NOE_TYPE;NOE_POSE;NOE_USAGE;KEY
EQU;FAT_OHE;POH;;NOE_FAT_OHE
EQU;FAT_OHJ;POH;;NOE_FAT_OHJ
EQU;FAT_OHM;POH;;NOE_FAT_OHM
EQU;FAT_UGE;PUG;;NOE_FAT_UGE
EQU;FAT_UGJ;PUG;;NOE_FAT_UGJ
EQU;FAT_UGM;PUG;;NOE_FAT_UGM
EQU;FDN;;;NOE_FAT_UGM
EQU;PBO,BO,PB;POT;;NOE_PB_POT
EQU;PBO,BO,PB;CHB;;NOE_PB_CHB
EQU;PBO,BO,PB;FAC;;NOE_PB_FAC
EQU;PBO,BO,PB;IMM;;NOE_PB_IMM
EQU;PBO,BO,PB;;;NOE_PB
EQU;BPE,BE,PEC;POT;;NOE_BE_POT
EQU;BPE,BE,PEC;CHB;;NOE_BE_CHB
EQU;BPE,BE,PEC;FAC;;NOE_BE_FAC
EQU;BPE,BE,PEC;IMM;;NOE_BE_IMM
EQU;BPE,BE,PEC;;;NOE_BE
EQU;PM,SRO;;;NOE_PM
EQU;LRI,BAL,IMM,PAV,COL,ENT;;IND-HAB;NOE_LRI
EQU;LRI,BAL,IMM,PAV,COL,ENT;;COL,COL-HAB;NOE_LRI_COLHAB
EQU;LRI,BAL,IMM,PAV,COL,ENT;;COL-PRO;NOE_LRI_COLPRO
EQU;LRI,BAL,IMM,PAV,COL,ENT;;IND-PRO;NOE_LRI_INDPRO
EQU;LRI,BAL,IMM,PAV,COL,ENT;;;NOE_LRI
EQU;PDT;POT,POH;;NOE_POT
EQU;PDT;CHB,PUG;;NOE_CHB
LRI;%;%;IND-HAB;NOE_LRI
LRI;%;%;COL,COL-HAB;NOE_LRI_COLHAB
LRI;%;%;COL-PRO;NOE_LRI_COLPRO
LRI;%;%;IND-PRO;NOE_LRI_INDPRO
LRI;%;%;IND-FTTE;LRI_INDFTTE
LRI;%;%;COL-FTTE;LRI_COLFTTE
LRI;;;;NOE_LRI
LRI;;;;NOE_BE
EQU;;;;NOE_BE
EQU;OLT;;;NOE_OLT
