<?xml version="1.0" encoding="utf-8"?>
<REQUETES NAME="LISTE">
<REQUETE TITLE="Adresses D.E. => BAL">
update noeuds set street=(select adr_voie from import_bal where id=lri_key) where noe_type='LRI';
update noeuds set adrnum=(select adr_num from import_bal where id=lri_key) where noe_type='LRI';
</REQUETE>
<REQUETE TITLE="Herault - adresses D.E. => PDT">
update noeuds set street=(select adresse from temp_infra_points where id=inf_key) where type='PDT';
</REQUETE>
<REQUETE TITLE="Classic - PT_codext => PDT">
update noeuds set numnoe=(select noe_codext from temp_infra_points where id=inf_key) where type='PDT';	
</REQUETE>
<REQUETE TITLE="Classic - inf_type/inf_mat => PDT">
update noeuds  set inf_mat=(select inf_mat from noeuds as noe2 where noe2.inf_mat not like'' and noe2.inf_mat is not null and noe2.inf_key = noeuds.inf_key);
update noeuds set pose=(select pose from noeuds as noe2 where noe2.pose not like '' and noe2.pose is not null and noe2.inf_key = noeuds.inf_key);
</REQUETE>
<REQUETE TITLE="MAJ codext depuis etiquettes">
update noeuds set noe_codext = (select eti_value from t_etiquet where tbl_name='NOEUDS' and eti_name='NOE_ETIQ' and tbl_key=noeid);
update noeuds set cab_codext = (select eti_value from t_etiquet where tbl_name='NOEUDS' and eti_name='SECTION_ETIQ' and tbl_key=noeid);
update cables set cab_codext = (select eti_value from t_etiquet where tbl_name='CABLES' and eti_name='CAB_ETIQ' and tbl_key=cab_id);
</REQUETE>
<REQUETE TITLE="MAJ codext cable uniquement">
update noeuds set cab_codext = (select eti_value from t_etiquet where tbl_name='NOEUDS' and eti_name='SECTION_ETIQ' and tbl_key=noeid);
update cables set cab_codext = (select eti_value from t_etiquet where tbl_name='CABLES' and eti_name='CAB_ETIQ' and tbl_key=cab_id);
</REQUETE>
<REQUETE TITLE="NBLR_CUM">
ALTER TABLE import_bpe
ADD NBLR_CUM integer;
</REQUETE>
</REQUETES>