or_code;or_siren;or_nom;or_type;or_activ;or_l331;or_siret;or_nometab;or_ad_code;or_nomvoie;or_numero;or_rep;or_local;or_postal;or_commune;or_telfixe;or_mail;or_comment;or_creadat;or_majdate;or_majsrc;or_abddate;or_abdsrc
OR91000000000001;;ESSONNE NUMERIQUE;;;;;;;BOULEVARD DE FRANCE;;;;91012;EVRY;;;;2018-01-15T13:14:03;;;;
OR91000000000002;;ESSONNE NUMERIQUE THD;;;;;ENTHD;;BOULEVARD DE L'YERRES;52;;CARRE HAUSSMAN;91000;EVRY;;ENTHD@covage.com;;2018-01-15T13:14:03;;;;
OR91000000000003;;ORANGE;;;;;;;RUE OLIVIER DE SERRES;78;;;75015;PARIS;;;;2018-01-15T13:14:03;;;;
OR91000000000004;;ENEDIS;;;;;AGENCE AET SUD;;PLACE ARTHUR CHAUSSY;3;;;77000;MELUN;;;;2018-01-15T13:14:03;;;;
OR91000000000005;;SICAE;;;;;;;AVENUE CARNOT;14;C;;91590;CERNY;169906534;FREDERIC.PUISAIS@SICAE-LFA.COM;;2018-01-15T13:14:03;;;;
OR91000000000006;;INDETERMINE;;;;;;;NR;;;;0;NR;;;;2018-01-15T13:14:03;;;;
OR91000000000007;;MAIRIE D'ABBEVILLE-LA-RIVIERE;;;;;;;PLACE DE LA MAIRIE;;;;91150;ABBEVILLE-LA-RIVIERE;164956737;MAIRIE-ABBEVILLE-LA-RIVIERE@WANADOO.FR;;2018-01-15T13:14:03;;;;
OR91000000000008;;MAIRIE D'ANGERVILLE;;;;;;;RUE NATIONALE;34;;;91670;ANGERVILLE;164952014;ACCUEIL@MAIRIE-ANGERVILLE.FR;;2018-01-15T13:14:03;;;;
OR91000000000009;;MAIRIE D'ANGERVILLIERS;;;;;;;RUE DU CHATEAU;1;;;91470;ANGERVILLIERS;164590206;MAIRIE@VILLE-ANGERVILLIERS.FR;;2018-01-15T13:14:03;;;;
OR91000000000010;;MAIRIE D'ARRANCOURT;;;;;;;PLACE DE LA MAIRIE;3;;;91690;ARRANCOURT;169588081;MAIRIE.ARRANCOURT@WANADOO.FR;;2018-01-15T13:14:03;;;;
OR91000000000011;;MAIRIE D'AUTHON-LA-PLAINE;;;;;;;PLACE DE L’EGLISE;5;;;91410;AUTHON-LA-PLAINE;164955107;MAIRIEDAUTHONLAPLAINE@ORANGE.FR;;2018-01-15T13:14:03;;;;
OR91000000000012;;MAIRIE D'AUVERNAUX;;;;;;;PLACE DE LA MAIRIE;5;;;91830;AUVERNAUX;164938016;AUVERNAUX@NERIM.FR;;2018-01-15T13:14:03;;;;
OR91000000000013;;MAIRIE D'AUVERS-SAINT-GEORGES;;;;;;;PLACE DU GENERAL LECLERC;;;;91580;AUVERS-SAINT-GEORGES;160803401;MAIRIE@AUVERS-SAINT-GEORGES.FR;;2018-01-15T13:14:03;;;;
OR91000000000014;;MAIRIE D'AVRAINVILLE;;;;;;;RUE DU PARC;1;;;91630;AVRAINVILLE;164913008;MAIRIE@AVRAINVILLE.FR;;2018-01-15T13:14:03;;;;
OR91000000000015;;MAIRIE DE BALLANCOURT-SUR-ESSONNE;;;;;;;RUE DE LA MAIRIE;2;;;91610;BALLANCOURT-SUR-ESSONNE;164937373;INFORMATION@MAIRIE-BALLANCOURT.FR;;2018-01-15T13:14:03;;;;
OR91000000000016;;MAIRIE DE BAULNE;;;;;;;ROUTE DE CORBEIL;86;;;91590;BAULNE;164576071;BAULNE.MAIRIE@WANADOO.FR;;2018-01-15T13:14:03;;;;
OR91000000000017;;MAIRIE DE BLANDY;;;;;;;PLACE VICTOR HUGO;2;;;91150;BLANDY;164995858;MAIRIEBLANDY@WANADOO.FR;;2018-01-15T13:14:03;;;;
OR91000000000018;;MAIRIE DE BOIGNEVILLE;;;;;;;RUE DE VAL;2;;;91720;BOIGNEVILLE;164994007;MAIRIE.BOIGNEVILLE@WANADOO.FR;;2018-01-15T13:14:03;;;;
OR91000000000019;;MAIRIE DE BOIS-HERPIN;;;;;;;GRANDE RUE;25;;;91150;BOIS-HERPIN;164958535;MAIRIEDEBOISHERPIN@WANADOO.FR;;2018-01-15T13:14:03;;;;
OR91000000000020;;MAIRIE DE BOISSY-LA-RIVIERE;;;;;;;RUE DE LA MAIRIE;1;;;91690;BOISSY-LA-RIVIERE;164956319;BOISSYLR@WANADOO.FR;;2018-01-15T13:14:03;;;;
OR91000000000021;;MAIRIE DE BOISSY-LE-CUTTE;;;;;;;GRANDE RUE;2;;;91590;BOISSY-LE-CUTTE;164577676;MAIRIEDEBOISSYLECUTTE@WANADOO.FR;;2018-01-15T13:14:03;;;;
OR91000000000022;;MAIRIE DE BOISSY-LE-SEC;;;;;;;ALLEE GERARD DUBRULE;;;;91870;BOISSY-LE-SEC;164957035;MAIRIE@BOISSYLESEC.FR;;2018-01-15T13:14:03;;;;
OR91000000000023;;MAIRIE DE BOISSY-SOUS-SAINT-YON;;;;;;;PLACE DU GENERAL DE GAULLE;6;;;91790;BOISSY-SOUS-SAINT-YON;164919293;MAIRIE@BOISSY-SSY.FR;;2018-01-15T13:14:03;;;;
OR91000000000024;;MAIRIE DE BOULLAY-LES-TROUX;;;;;;;RUE DU CLOS ST JEAN;2;;;91470;BOULLAY-LES-TROUX;160121233;MAIRIE.BOULLAY@WANADOO.FR;;2018-01-15T13:14:03;;;;
OR91000000000025;;MAIRIE DE BOURAY-SUR-JUINE;;;;;;;RUE DE LA MAIRIE;18;;BP 34;91850;BOURAY-SUR-JUINE;169274436;ACCUEIL.MAIRIE@BOURAYSURJUINE.FR;;2018-01-15T13:14:03;;;;
OR91000000000026;;MAIRIE DE BOUTERVILLIERS;;;;;;;RUE DE LA MAIRIE;;;;91150;BOUTERVILLIERS;164954209;MAIRIE.BOUTERVILLIERS@WANADOO.FR;;2018-01-15T13:14:03;;;;
OR91000000000027;;MAIRIE DE BOUTIGNY-SUR-ESSONNE;;;;;;;BOULEVARD MAURICE OUIN;11;;;91820;BOUTIGNY-SUR-ESSONNE;164579010;MAIRIE.DE.BOUTIGNY.SUR.ESSONNE@ORANGE.FR;;2018-01-15T13:14:03;;;;
OR91000000000028;;MAIRIE DE BOUVILLE;;;;;;;RUE DE LA MAIRIE;;;;91880;BOUVILLE;164958012;MAIRIE.BOUVILLE@GMAIL.COM;;2018-01-15T13:14:03;;;;
OR91000000000029;;MAIRIE DE BREUILLET;;;;;;;GRANDE RUE;42;;CHATEAU DU CHAPITRE;91650;BREUILLET;169946040;MAIRIE@VILLE-BREUILLET.FR;;2018-01-15T13:14:03;;;;
OR91000000000030;;MAIRIE DE BREUX-JOUY;;;;;;;RUE DU DOCTEUR BABIN;1;;;91650;BREUX-JOUY;164584141;MAIRIE@BREUX-JOUY.FR;;2018-01-15T13:14:03;;;;
OR91000000000031;;MAIRIE DE BRIERES-LES-SCELLES;;;;;;;PLACE DE LA MAIRIE;;;;91150;BRIERES-LES-SCELLES;164941108;MAIRIEBRIERESLESSCELLES@WANADOO.FR;;2018-01-15T13:14:03;;;;
OR91000000000032;;MAIRIE DE BRIIS-SOUS-FORGES;;;;;;;PLACE DE LA LIBERATION;1;;;91640;BRIIS-SOUS-FORGES;164907026;ACCUEIL@BRIIS.FR;;2018-01-15T13:14:03;;;;
OR91000000000033;;MAIRIE DE BROUY;;;;;;;RUE DE LA MAIRIE;6;;;91150;BROUY;164995973;MAIRIE-BROUY@WANADOO.FR;;2018-01-15T13:14:03;;;;
OR91000000000034;;MAIRIE DE BRUYERES-LE-CHATEL;;;;;;;RUE DES VIGNES;2;;;91680;BRUYERES-LE-CHATEL;164900718;MAIRIE@BRUYERESLECHATEL.FR;;2018-01-15T13:14:03;;;;
OR91000000000035;;MAIRIE DE BUNO-BONNEVAUX;;;;;;;PLACE JEAN-MARIE FERRY;1;;;91720;BUNO-BONNEVAUX;164994887;MAIRIE@BUNO-BONNEVAUX.FR;;2018-01-15T13:14:03;;;;
OR91000000000036;;MAIRIE DE CERNY;;;;;;;RUE DEGOMMIER;11;;;91590;CERNY;169231111;MAIRIE@CERNY.FR;;2018-01-15T13:14:03;;;;
OR91000000000037;;MAIRIE DE CHALO-SAINT-MARS;;;;;;;PLACE DU JEU DE PAUME;;;;91780;CHALO-SAINT-MARS;164954045;MAIRIE@CHALOSAINTMARS.COM;;2018-01-15T13:14:03;;;;
OR91000000000038;;MAIRIE DE CHALOU-MOULINEUX;;;;;;;RUE ADELE DE CHAMPAGNE;12;;;91740;CHALOU-MOULINEUX;164959030;MAIRIE.CHALOU-MOULINEUX@WANADOO.FR;;2018-01-15T13:14:03;;;;
OR91000000000039;;MAIRIE DE CHAMARANDE;;;;;;;PLACE DE LA LIBERATION;2;;;91730;CHAMARANDE;160822011;MAIRIECHAMARANDE@WANADOO.FR;;2018-01-15T13:14:03;;;;
OR91000000000040;;MAIRIE DE CHAMPCUEIL;;;;;;;RUE ROYALE;4;;;91750;CHAMPCUEIL;164997275;MAIRIE@CHAMPCUEIL.FR;;2018-01-15T13:14:03;;;;
OR91000000000041;;MAIRIE DE CHAMPMOTTEUX;;;;;;;RUE MICHEL DE L’HOPITAL;;;;91150;CHAMPMOTTEUX;164995928;MAIRIE.CHAMPMOTTEUX@WANADOO.FR;;2018-01-15T13:14:03;;;;
OR91000000000042;;MAIRIE DE CHATIGNONVILLE;;;;;;;GRANDE RUE;8;;;91410;CHATIGNONVILLE;164955180;MAIRIECHATIGNONVILLE@ORANGE.FR;;2018-01-15T13:14:03;;;;
OR91000000000043;;MAIRIE DE CHAUFFOUR-LES-ETRECHY;;;;;;;GRANDE RUE;21;;;91580;CHAUFFOUR-LES-ETRECHY;160802626;MAIRIECHAUFFOUR@WANADOO.FR;;2018-01-15T13:14:03;;;;
OR91000000000044;;MAIRIE DE CHEPTAINVILLE;;;;;;;RUE DU PONCEAU;5;;;91630;CHEPTAINVILLE;169148212;ACCUEIL@CHEPTAINVILLE.FR;;2018-01-15T13:14:03;;;;
OR91000000000045;;MAIRIE DE CHEVANNES;;;;;;;RUE DU PARC;2;;;91750;CHEVANNES;164997004;MAIRIE.DE.CHEVANNES@WANADOO.FR;;2018-01-15T13:14:03;;;;
OR91000000000046;;MAIRIE DE CONGERVILLE-THIONVILLE;;;;;;;RUE DES FRAVILLES;6;;;91740;CONGERVILLE-THIONVILLE;164959022;MAIRIECONGERVILLETHIONVILLE@WANADOO.FR;;2018-01-15T13:14:03;;;;
OR91000000000047;;MAIRIE DE CORBREUSE;;;;;;;RUE DES ECOLES;;;;91410;CORBREUSE;164594063;MAIRIE.CORBREUSE@WANADOO.FR;;2018-01-15T13:14:03;;;;
OR91000000000048;;MAIRIE DE COURANCES;;;;;;;RUE DU MOULIN;4;;;91490;COURANCES;164984109;COURANCES.MAIRIE@WANADOO.FR;;2018-01-15T13:14:03;;;;
OR91000000000049;;MAIRIE DE COURDIMANCHE-SUR-ESSONNE;;;;;;;RUE CLOS SAINT GERVAIS;2;;;91720;COURDIMANCHE-SUR-ESSONNE;164995395;COURDIMANCHE-SUR-ESSONNE@WANADOO.FR;;2018-01-15T13:14:03;;;;
OR91000000000050;;MAIRIE DE COURSON-MONTELOUP;;;;;;;PLACE DES TILLEULS;;;;91680;COURSON-MONTELOUP;164589001;MONTELOUP.MAIRIE@WANADOO.FR;;2018-01-15T13:14:03;;;;
OR91000000000051;;MAIRIE DE DANNEMOIS;;;;;;;RUE DE LA MESSE;1;;;91490;DANNEMOIS;164984123;DANNEMOIS.MAIRIE@WANADOO.FR;;2018-01-15T13:14:03;;;;
OR91000000000052;;MAIRIE DE D'HUISON LONGUEVILLE;;;;;;;ROUTE D’ETAMPES;2;;;91590;D'HUISON LONGUEVILLE;169231010;MAIRIE.DHL@WANADOO.FR;;2018-01-15T13:14:03;;;;
OR91000000000053;;MAIRIE DE DOURDAN;;;;;;;ESPLANADE JEAN MOULIN;;;;91410;DOURDAN;160811414;MAIRE@MAIRIE-DOURDAN.FR;;2018-01-15T13:14:03;;;;
OR91000000000054;;MAIRIE D'ECHARCON;;;;;;;RUE JEAN COMTE;24;;;91540;ECHARCON;164570302;ECHARCON.COMMUNE@WANADOO.FR;;2018-01-15T13:14:03;;;;
OR91000000000055;;MAIRIE D'EGLY;;;;;;;GRANDE RUE;4;;;91520;EGLY;169262800;MAIRIE-EGLY@MAIRIE-EGLY.FR;;2018-01-15T13:14:03;;;;
OR91000000000056;;MAIRIE D'ESTOUCHES;;;;;;;RUE DE LA MAIRIE;1;;;91660;ESTOUCHES;164950305;MAIRIE.ESTOUCHES@WANADOO.FR;;2018-01-15T13:14:03;;;;
OR91000000000057;;MAIRIE D'ETRECHY;;;;;;;PLACE DU GENERAL DE GAULLE;;;;91580;ETRECHY;160803377;SECRETARIAT@VILLE-ETRECHY.FR;;2018-01-15T13:14:03;;;;
OR91000000000058;;MAIRIE DE FONTAINE-LA-RIVIERE;;;;;;;MONTOIR DE MAROLLES;;;;91690;FONTAINE-LA-RIVIERE;160809333;MAIRIEDEFONTAINE@FREE.FR;;2018-01-15T13:14:03;;;;
OR91000000000059;;MAIRIE DE FONTENAY-LES-BRIIS;;;;;;;PLACE DE LA MAIRIE;1;;;91640;FONTENAY-LES-BRIIS;164907074;ACCUEIL@MAIRIE-FONTENAY-LES-BRIIS.FR;;2018-01-15T13:14:03;;;;
OR91000000000060;;MAIRIE DE FONTENAY-LE-VICOMTE;;;;;;;RUE DE LA MAIRIE;4;;;91540;FONTENAY-LE-VICOMTE;164570410;MAIRIE.FLV@WANADOO.FR;;2018-01-15T13:14:03;;;;
OR91000000000061;;MAIRIE DE FORGES-LES-BAINS;;;;;;;RUE DU DOCTEUR BABIN;9;;;91470;FORGES-LES-BAINS;164910329;MAIRIE-FORGES-LES-BAINS@WANADOO.FR;;2018-01-15T13:14:03;;;;
OR91000000000062;;MAIRIE DE GIRONVILLE-SUR-ESSONNE;;;;;;;GRANDE RUE;20;;;91720;GIRONVILLE-SUR-ESSONNE;164995218;MAIRIEGIRONVILLE91@WANADOO.FR;;2018-01-15T13:14:03;;;;
OR91000000000063;;MAIRIE DE GOMETZ-LA-VILLE;;;;;;;PLACE DE LA MAIRIE;;;;91400;GOMETZ-LA-VILLE;160120803;MAIRIE-GOMETZ-LA-VILLE@WANADOO.FR;;2018-01-15T13:14:03;;;;
OR91000000000064;;MAIRIE DE GUIBEVILLE;;;;;;;RUE PASTEUR;;;;91630;GUIBEVILLE;164902633;MAIRIE.GUIBEVILLE@WANADOO.FR;;2018-01-15T13:14:03;;;;
OR91000000000065;;MAIRIE DE GUIGNEVILLE-SUR-ESSONNE;;;;;;;ROUTE DE BOUTIGNY;;;;91590;GUIGNEVILLE-SUR-ESSONNE;164576148;MAIRIE.GUIGNEVILLE.ESSONNE@WANADOO.FR;;2018-01-15T13:14:03;;;;
OR91000000000066;;MAIRIE DE GUILLERVAL;;;;;;;RUE DE LA MAIRIE;125;;;91690;GUILLERVAL;164956103;GUILLERVAL.MAIRIE@WANADOO.FR;;2018-01-15T13:14:03;;;;
OR91000000000067;;MAIRIE D'ITTEVILLE;;;;;;;RUE SAINT GERMAIN;103;;;91760;ITTEVILLE;164937700;CONTACT@MAIRIE-ITTEVILLE.FR;;2018-01-15T13:14:03;;;;
OR91000000000068;;MAIRIE DE JANVILLE-SUR-JUINE;;;;;;;GRANDE RUE;40;;BP 22;91510;JANVILLE-SUR-JUINE;169274013;MAIRIE@JANVILLE-SUR-JUINE.FR;;2018-01-15T13:14:03;;;;
OR91000000000069;;MAIRIE DE JANVRY;;;;;;;RUE DES GENEVRIERS;;;;91640;JANVRY;164907210;ACCUEIL-JANVRY@WANADOO.FR;;2018-01-15T13:14:03;;;;
OR91000000000070;;MAIRIE DE LA FERTE-ALAIS;;;;;;;RUE DES FILLETTES;5;;;91590;LA FERTE-ALAIS;169908844;MAIRIE@LAFERTEALAIS.FR;;2018-01-15T13:14:03;;;;
OR91000000000071;;MAIRIE DE LA FORET-LE-ROI;;;;;;;ROUTE D’ETAMPES;2;;;91410;LA FORET-LE-ROI;164957122;LAFORETLEROI@WANADOO.FR ;;2018-01-15T13:14:03;;;;
OR91000000000072;;MAIRIE DE LA FORET-SAINTE-CROIX;;;;;;;ROUTE DE MALHERBES;2;;;91150;LA FORET-SAINTE-CROIX;169954236;FORETSAINTECROIX@WANADOO.FR;;2018-01-15T13:14:03;;;;
OR91000000000073;;MAIRIE DE LA NORVILLE;;;;;;;RUE PASTEUR;1;;;91290;LA NORVILLE;169261900;MAIRIE@LANORVILLE91.FR;;2018-01-15T13:14:03;;;;
OR91000000000074;;MAIRIE DE LARDY;;;;;;;GRANDE RUE;70;;;91510;LARDY;169271400;MAIRE@VILLE-LARDY.FR;;2018-01-15T13:14:03;;;;
OR91000000000075;;MAIRIE DU VAL-SAINT-GERMAIN;;;;;;;RUE DU VILLAGE;87;;;91530;LE VAL-SAINT-GERMAIN;164590010;COURRIERADM@MAIRIE-DU-VAL-ST-GERMAIN.COM;;2018-01-15T13:14:03;;;;
OR91000000000076;;MAIRIE DES GRANGES-LE-ROI;;;;;;;RUE DES POPINEAUX;8;;;91410;LES GRANGES-LE-ROI;164597354;MAIRIE.LESGRANGESLEROI@WANADOO.FR;;2018-01-15T13:14:03;;;;
OR91000000000077;;MAIRIE DES MOLIERES;;;;;;;PLACE DE LA MAIRIE;1;;;91470;LES MOLIERES;160120799;CONTACT@LESMOLIERES.FR;;2018-01-15T13:14:03;;;;
OR91000000000078;;MAIRIE DE LEUDEVILLE;;;;;;;GRANDE RUE;10;;;91630;LEUDEVILLE;169148152;MAIRIE@LEUDEVILLE.FR;;2018-01-15T13:14:03;;;;
OR91000000000079;;MAIRIE DE LIMOURS;;;;;;;PLACE DU GENERAL DE GAULLE;;;;91470;LIMOURS;164916363;INFO@MAIRIE-LIMOURS.FR;;2018-01-15T13:14:03;;;;
OR91000000000080;;MAIRIE DE MAISSE;;;;;;;PLACE DE L’HOTEL DE VILLE;;;;91720;MAISSE;164994726;MAIRIE@MAISSE.FR;;2018-01-15T13:14:03;;;;
OR91000000000081;;MAIRIE DE MAROLLES-EN-BEAUCE;;;;;;;GRANDE RUE;48;;;91150;MAROLLES-EN-BEAUCE;164958152;MAIRIE.MAROLLES.EN.BEAUCE@WANADOO.FR;;2018-01-15T13:14:03;;;;
OR91000000000082;;MAIRIE DE MAROLLES-EN-HUREPOIX;;;;;;;AVENUE CHARLES DE GAULLE;1;;;91630;MAROLLES-EN-HUREPOIX;169141440;MAIRIE@MAROLLES-EN-HUREPOIX.FR;;2018-01-15T13:14:03;;;;
OR91000000000083;;MAIRIE DE MAUCHAMPS;;;;;;;PLACE SAINT JEAN;1;;;91730;MAUCHAMPS;160822079;MAUCHAMPS@WANADOO.FR;;2018-01-15T13:14:03;;;;
OR91000000000084;;MAIRIE DE MENNECY;;;;;;;PLACE DE LA MAIRIE;;;;91540;MENNECY;169908030;CABINET@MENNECY.FR;;2018-01-15T13:14:03;;;;
OR91000000000085;;MAIRIE DE MEREVILLE;;;;;;;PLACE DE L’HOTEL DE VILLE;;;;91660;MEREVILLE;164950020;MAIRIE-DE-MEREVILLE@WANADOO.FR;;2018-01-15T13:14:03;;;;
OR91000000000086;;MAIRIE DE MEROBERT;;;;;;;RUE DES ECOLES;5;;;91780;MEROBERT;164954711;MAIRIE.MEROBERT@WANADOO.FR;;2018-01-15T13:14:03;;;;
OR91000000000087;;MAIRIE DE MESPUITS;;;;;;;GRANDE RUE;26;;;91150;MESPUITS;164958554;MAIRIE.MESPUITS@WANADOO.FR;;2018-01-15T13:14:03;;;;
OR91000000000088;;MAIRIE DE MILLY-LA-FORET;;;;;;;PLACE DE LA REPUBLIQUE;;;;91490;MILLY-LA-FORET;164988007;MAIRIE@MILLY-LA-FORET.FR;;2018-01-15T13:14:03;;;;
OR91000000000089;;MAIRIE DE MOIGNY-SUR-ECOLE;;;;;;;GRANDE RUE;59;;;91490;MOIGNY-SUR-ECOLE;164984014;MAIRIE-MOIGNY-SUR-ECOLE@WANADOO.FR;;2018-01-15T13:14:03;;;;
OR91000000000090;;MAIRIE DE MONDEVILLE;;;;;;;GRANDE RUE;18;;;91590;MONDEVILLE;164983103;MAIRIE.MONDEVILLE@WANADOO.FR;;2018-01-15T13:14:03;;;;
OR91000000000091;;MAIRIE DE MONNERVILLE;;;;;;;GRANDE RUE;7;BIS;;91930;MONNERVILLE;164950357;MAIRIE-DE-MONNERVILLE@WANADOO.FR;;2018-01-15T13:14:03;;;;
OR91000000000092;;MAIRIE DE MORIGNY-CHAMPIGNY;;;;;;;RUE DE LA MAIRIE;5;;BP 34;91150;MORIGNY-CHAMPIGNY;164943909;CONTACT@MORIGNYCHAMPIGNY.FR;;2018-01-15T13:14:03;;;;
OR91000000000093;;MAIRIE DE NAINVILLE-LES-ROCHES;;;;;;;PLACE DE LA MAIRIE;;;;91750;NAINVILLE-LES-ROCHES;164980155;MAIRIE@NAINVILLE.FR;;2018-01-15T13:14:03;;;;
OR91000000000094;;MAIRIE D'OLLAINVILLE;;;;;;;RUE DE LA MAIRIE;5;;;91340;OLLAINVILLE;169261919;MAIRE@MAIRIE-OLLAINVILLE91.FR;;2018-01-15T13:14:03;;;;
OR91000000000095;;MAIRIE D'ONCY-SUR-ECOLE;;;;;;;GRANDE RUE;97;;;91490;ONCY-SUR-ECOLE;164988140;MAIRIE.ONCYSURECOLE@WANADOO.FR;;2018-01-15T13:14:03;;;;
OR91000000000096;;MAIRIE D'ORMOY;;;;;;;PLACE RAYMOND GOMBAULT;;;;91540;ORMOY;169907500;MAIRIE@ORMOY.FR;;2018-01-15T13:14:03;;;;
OR91000000000097;;MAIRIE D'ORMOY-LA-RIVIERE;;;;;;;GRANDE RUE;41;;;91150;ORMOY-LA-RIVIERE;164942106;MAIRIEORMOYLARIVIERE@WANADOO.FR;;2018-01-15T13:14:03;;;;
OR91000000000098;;MAIRIE D'ORVEAU;;;;;;;GRANDE RUE;4;;;91590;ORVEAU;164576611;COMMUNEDEORVEAU@WANADOO.FR;;2018-01-15T13:14:03;;;;
OR91000000000099;;MAIRIE DE PECQUEUSE;;;;;;;PLACE DE LA MAIRIE;;;;91470;PECQUEUSE;164910139;MAIRE@PECQUEUSE.COM;;2018-01-15T13:14:03;;;;
OR91000000000100;;MAIRIE DE PLESSIS-SAINT-BENOIST;;;;;;;RUE DU PETIT PLESSIS;;;;91410;PLESSIS-SAINT-BENOIST;164955126;MAIRIE.PLESSIS-SAINT-BENOIT@WANADOO.FR;;2018-01-15T13:14:03;;;;
OR91000000000101;;MAIRIE DE PRUNAY-SUR-ESSONNE;;;;;;;RUE GEORGES BERCHER;1;;;91720;PRUNAY-SUR-ESSONNE;164995217;PRUNAYSURESSONNE@WANADOO.FR;;2018-01-15T13:14:03;;;;
OR91000000000102;;MAIRIE DE PUISELET-LE-MARAIS;;;;;;;RUE DE LA GRANDE VALLEE;43;;;91150;PUISELET-LE-MARAIS;164958108;MAIRIE-PUISELET-LE-MARAIS@WANADOO.FR;;2018-01-15T13:14:03;;;;
OR91000000000103;;MAIRIE DE PUSSAY;;;;;;;RUE DU JEU DE PAUME;;;;91740;PUSSAY;164952338;PUSSAY.MAIRIE@WANADOO.FR;;2018-01-15T13:14:03;;;;
OR91000000000104;;MAIRIE DE RICHARVILLE;;;;;;;RUE DU PLESSIS;9;;;91410;RICHARVILLE;164957067;MAIRIE-RICHARVILLE@WANADOO.FR;;2018-01-15T13:14:03;;;;
OR91000000000105;;MAIRIE DE ROINVILLE-SOUS-DOURDAN;;;;;;;RUE DU GENERAL DE GAULLE;2;;;91410;ROINVILLE-SOUS-DOURDAN;164597282;CONTACT@MAIRIE-ROINVILE.FR;;2018-01-15T13:14:03;;;;
OR91000000000106;;MAIRIE DE ROINVILLIERS;;;;;;;GRANDE RUE;12;;;91150;ROINVILLIERS;169954295;COMMUNEDEROINVILLIERS@WANADOO.FR;;2018-01-15T13:14:03;;;;
OR91000000000107;;MAIRIE DE SACLAS;;;;;;;RUE DE LA MAIRIE;19;;;91690;SACLAS;169588800;CONTACT@MAIRIE-SACLAS.FR;;2018-01-15T13:14:03;;;;
OR91000000000108;;MAIRIE DE SAINT-CHERON;;;;;;;PARC DES TOURELLES;;;;91530;SAINT-CHERON;169141300;ST-CHERON@ORANGE.FR;;2018-01-15T13:14:03;;;;
OR91000000000109;;MAIRIE DE SAINT-CYR-LA-RIVIERE;;;;;;;RUE DU CHATEAU;;;;91690;SAINT-CYR-LA-RIVIERE;164956063;MAIRIE.SAINT-CYR-LA-RIVIERE@WANADOO.FR;;2018-01-15T13:14:03;;;;
OR91000000000110;;MAIRIE DE SAINT-CYR-SOUS-DOURDAN;;;;;;;ROUTE DE PARIS;1;;;91410;SAINT-CYR-SOUS-DOURDAN;164590129;MAIRIE@SAINT-CYR-SOUS-DOURDAN.FR;;2018-01-15T13:14:03;;;;
OR91000000000111;;MAIRIE DE SAINT-ESCOBILLE;;;;;;;RUE DU CHATEAU ;2;;;91410;SAINT-ESCOBILLE;164955262;MAIRIEESCOBILLE@WANADOO.FR;;2018-01-15T13:14:03;;;;
OR91000000000112;;MAIRIE DE SAINT-GERMAIN-LES-ARPAJON;;;;;;;RUE RENE DECLE;2;;;91290;SAINT-GERMAIN-LES-ARPAJON;169262620;MAIRIE@SGLA.FR;;2018-01-15T13:14:03;;;;
OR91000000000113;;MAIRIE DE SAINT-HILAIRE;;;;;;;RUE DE LA LOUETTE;8;;;91780;SAINT-HILAIRE;164954085;STHILAIRE.91@ORANGE.FR;;2018-01-15T13:14:03;;;;
OR91000000000114;;MAIRIE DE SAINT-JEAN-DE-BEAUREGARD;;;;;;;GRANDE RUE;49;;;91940;SAINT-JEAN-DE-BEAUREGARD;160120004;MAIRIE.ST.JEAN.BEAUREGARD@WANADOO.FR;;2018-01-15T13:14:03;;;;
OR91000000000115;;MAIRIE DE SAINT-MAURICE-MONTCOURONNE;;;;;;;RUE DE BOURGUINETTE;5;;;91530;SAINT-MAURICE-MONTCOURONNE;164589155;MAIRIE-SAINT-MAURICE@WANADOO.FR;;2018-01-15T13:14:03;;;;
OR91000000000116;;MAIRIE DE SAINT-SULPICE-DE-FAVIERES;;;;;;;RUE AUX FEVES;14;;;91910;SAINT-SULPICE-DE-FAVIERES;164584233;MAIRIE@SAINT-SULPICE-DE-FAVIERES.FR;;2018-01-15T13:14:03;;;;
OR91000000000117;;MAIRIE DE SAINT-VRAIN;;;;;;;RUE DES NOBLETS;13;;BP 10;91770;SAINT-VRAIN;164561363;MAIRIE@SAINT-VRAIN91.FR;;2018-01-15T13:14:03;;;;
OR91000000000118;;MAIRIE DE SAINT-YON;;;;;;;RUE DES COSNARDIERES;1080;;;91650;SAINT-YON;164584054;MAIRIE@SAINT-YON.FR;;2018-01-15T13:14:03;;;;
OR91000000000119;;MAIRIE DE SERMAISE;;;;;;;AVENUE PAUL BLOT;14;;;91530;SERMAISE;164598227;MAIRIE.SERMAISE@WANADOO.FR;;2018-01-15T13:14:03;;;;
OR91000000000120;;MAIRIE DE SOISY-SUR-ECOLE;;;;;;;PLACE DE LA MAIRIE;;;;91840;SOISY-SUR-ECOLE;164980001;MAIRIE@SOISYSURECOLE.FR;;2018-01-15T13:14:03;;;;
OR91000000000121;;MAIRIE DE SOUZY-LA-BRICHE;;;;;;;CHEMIN DES SOURCES;4;;;91580;SOUZY-LA-BRICHE;160803625;MAIRIE.SOUZYLABRICHE@WANADOO.FR;;2018-01-15T13:14:03;;;;
OR91000000000122;;MAIRIE DE TORFOU;;;;;;;GRANDE RUE;16;;;91730;TORFOU;160823940;MAIRIE.TORFOU@WANADOO.FR;;2018-01-15T13:14:03;;;;
OR91000000000123;;MAIRIE DE VALPUISEAUX;;;;;;;RUE DE LA MAIRIE;16;;;91720;VALPUISEAUX;164958704;COMMUNE.VALPUISEAUX@WANADOO.FR;;2018-01-15T13:14:03;;;;
OR91000000000124;;MAIRIE DE VAUGRIGNEUSE;;;;;;;RUE HEROARD;1;;;91640;VAUGRIGNEUSE;164589059;MAIRIE@VILLE-VAUGRIGNEUSE.FR;;2018-01-15T13:14:03;;;;
OR91000000000125;;MAIRIE DE VAYRES-SUR-ESSONNE;;;;;;;CHEMIN D’ORVEAU;4;;;91820;VAYRES-SUR-ESSONNE;164579019;MAIRIE.VAYRESSURESSONNE@CEGETEL.NET;;2018-01-15T13:14:03;;;;
OR91000000000126;;MAIRIE DE VERT-LE-GRAND;;;;;;;PLACE DE LA MAIRIE;7;;;91810;VERT-LE-GRAND;164560272;COMMUNE-VERT-LE-GRAND@WANADOO.FR;;2018-01-15T13:14:03;;;;
OR91000000000127;;MAIRIE DE VERT-LE-PETIT;;;;;;;RUE DU GENERAL LECLERC;4;;;91710;VERT-LE-PETIT;164932402;MAIRIE@VERTLEPETIT.FR;;2018-01-15T13:14:03;;;;
OR91000000000128;;MAIRIE DE VIDELLES;;;;;;;RUE DE LA CROIX BOISSEE;1;;;91890;VIDELLES;164983209;MAIRIE.VIDELLES@WANADOO.FR;;2018-01-15T13:14:03;;;;
OR91000000000129;;MAIRIE DE VILLECONIN;;;;;;;GRANDE RUE;4;;;91580;VILLECONIN;160803608;MAIRIE.VILLECONIN@WANADOO.FR;;2018-01-15T13:14:03;;;;
OR91000000000130;;MAIRIE DE VILLENEUVE-SUR-AUVERS;;;;;;;IMPASSE DE L’ANCIEN CLOS;5;BIS;;91580;VILLENEUVE-SUR-AUVERS;160804225;MAIRIE-VILLENEUVE-SUR-AUVERS@WANADOO.FR;;2018-01-15T13:14:03;;;;
OR91000000000131;;MAIRIE D'ARPAJON;;;;;;;GRANDE RUE;70;;;91290;ARPAJON;169261505;MAIRIE@ARPAJON91.FR;;2018-01-15T13:14:03;;;;
OR91000000000132;;MAIRIE DE BONDOUFLE;;;;;;;RUE CHARLES DE GAULLE;43;;;91070;BONDOUFLE;160864727;MAIRIE@VILLE-BONDOUFLE.FR;;2018-01-15T13:14:03;;;;
OR91000000000133;;MAIRIE DE BRETIGNY-SUR-ORGE;;;;;;;RUE DE LA MAIRIE;46;;;91220;BRETIGNY-SUR-ORGE;169884040;CONTACT@MAIRIE-BRETIGNY91.FR;;2018-01-15T13:14:03;;;;
OR91000000000134;;MAIRIE DE CORBEIL-ESSONNES;;;;;;;PLACE GALIGNANI;2;;;91100;CORBEIL-ESSONNES;160897179;BECHTER.JP@MAIRIE-CORBEIL-ESSONNES.FR;;2018-01-15T13:14:03;;;;
OR91000000000135;;MAIRIE D'ETAMPES;;;;;;;PLACE DE L’HOTEL DE VILLE ET DES DROITS DE L'HOMME;2;;;91150;ETAMPES;169926800;MAIRIE@MAIRIE-ETAMPES.FR;;2018-01-15T13:14:03;;;;
OR91000000000136;;MAIRIE DE GIF-SUR-YVETTE;;;;;;;SQUARE DE LA MAIRIE;9;;;91190;GIF-SUR-YVETTE;169186918;CONTACT@MAIRIE-GIF.FR;;2018-01-15T13:14:03;;;;
OR91000000000137;;MAIRIE DE GOMETZ-LE-CHATEL;;;;;;;RUE SAINT NICOLAS;76;;;91940;GOMETZ-LE-CHATEL;160121105;MAIRIE@GOMETZLECHATEL.FR;;2018-01-15T13:14:03;;;;
OR91000000000138;;MAIRIE DU COUDRAY-MONTCEAUX;;;;;;;AVENUE CHARLES DE GAULLE;45;;;91830;LE COUDRAY-MONTCEAUX;164938112;CONTACT@MAIRIE-LECOUDRAYMONTCEAUX.FR;;2018-01-15T13:14:03;;;;
OR91000000000139;;MAIRIE DU PLESSIS-PATE;;;;;;;PLACE DU 8 MAI 1945;;;;91220;LE PLESSIS-PATE;160855900;MAIRIE@LEPLESSISPATE.FR;;2018-01-15T13:14:03;;;;
OR91000000000140;;MAIRIE DES ULIS;;;;;;;ESPLANADE DE LA REPUBLIQUE;;;;91940;LES ULIS;169293400;MAIRIE@LESULIS.FR;;2018-01-15T13:14:03;;;;
OR91000000000141;;MAIRIE DE LEUVILLE-SUR-ORGE;;;;;;;RUE JULES FERRY;28;;;91310;LEUVILLE-SUR-ORGE;160852960;MAIRIE@LEUVILLE.FR;;2018-01-15T13:14:03;;;;
OR91000000000142;;MAIRIE DE LINAS;;;;;;;PLACE ERNEST PILLON;;;;91310;LINAS;169801400;MAIRIE.LINAS@LAPOSTE.NET;;2018-01-15T13:14:03;;;;
OR91000000000143;;MAIRIE DE LISSES;;;;;;;RUE THIROUIN;2;;;91090;LISSES;169114000;MAIRIELISSES@VILLE-LISSES.FR;;2018-01-15T13:14:03;;;;
OR91000000000144;;MAIRIE DE MARCOUSSIS;;;;;;;RUE ALFRED DUBOIS;5;;;91460;MARCOUSSIS;164496400;CONTACT@MARCOUSSIS.FR;;2018-01-15T13:14:03;;;;
OR91000000000145;;MAIRIE DE VILLABE;;;;;;;AVENUE DU 8 MAI 1945;21;;;91100;VILLABE;169111975;CONTACT@MAIRIE-VILLABE.FR;;2018-01-15T13:14:03;;;;
OR91000000000146;;CCDH;;;;;;;RUE PIERRE CECCALDI;17;;;91410;DOURDAN;160811220;;;2018-01-15T13:14:03;;;;
OR91000000000147;;CCEJR;;;;;;;PLACE DU GENERAL DE GAULLE;;;;91580;ETRECHY;160806702;;;2018-01-15T13:14:03;;;;
OR91000000000148;;CCPL;;;;;;;RUE DE LA FONTAINE DE VILLE;615;;;91640;BRIIS-SOUS-FORGES;164907900;;;2018-01-15T13:14:03;;;;
OR91000000000149;;CAESE;;;;;;;PLACE DE L’HOTEL DE VILLE ET DES DROITS DE L'HOMME;2;;;91150;ETAMPES;169926800;;;2018-01-15T13:14:03;;;;
OR91000000000150;;CC2V;;;;;;;RUE DE LA CHAPELLE SAINT BLAISE;23;;;91490;MILLY-LA-FORET;164988519;;;2018-01-15T13:14:03;;;;
OR91000000000151;;CCVE;;;;;;;PARVIS DES COMMUNAUTES;;;MAISON DES SERVICES PUBLICS;91610;BALLANCOURT-SUR-ESSONNE;164932120;;;2018-01-15T13:14:03;;;;
OR91000000000152;;CEA;;;;;;;PLACE SAINT EXUPERY;1;;LA MARECHAUSSEE;91704;SAINTE-GENEVIEVE-DES-BOIS;169721800;;;2018-01-15T13:14:03;;;;
OR91000000000153;;SIARCE;;;;;;;QUAI DE L'APPORT-PARIS;37;;BP 307;91104;CORBEIL-ESSONNES;;;;2018-01-15T13:14:03;;;;
OR91000000000154;;SIEGE;;;;;;;RUE NATIONALE;34;;BP 29;91670;ANGERVILLE;;;;2018-01-15T13:14:03;;;;
OR91000000000155;;SIEGRA;;;;;;;GRANDE RUE;4;;;91520;EGLY;;;;2018-01-15T13:14:03;;;;
OR91000000000156;;SIERME;;;;;;;PLACE RAYMOND GOMBAULT;;;;91540;ORMOY;;;;2018-01-15T13:14:03;;;;
OR91000000000157;;GIGAMEDIA;;;;;;;NR;;;;0;NR;;;;2018-05-28T13:14:04;;;;
OR91000000000158;;NEXANS;;;;;;;NR;;;;0;NR;;;;2018-05-28T13:14:05;;;;
OR91000000000159;;GROLLEAU;;;;;;;NR;;;;0;NR;;;;2018-05-28T13:14:06;;;;
OR91000000000160;;PRYSMIAN;;;;;;;NR;;;;0;NR;;;;2018-05-28T13:14:07;;;;
OR91000000000161;;ACOME;;;;;;;NR;;;;0;NR;;;;2018-05-28T13:14:08;;;;
OR91000000000162;;CABLESCOM;;;;;;;NR;;;;0;NR;;;;2018-05-28T13:14:09;;;;
OR91000000000163;;GENERAL CABLE;;;;;;;NR;;;;0;NR;;;;2018-05-28T13:14:10;;;;
OR91000000000164;;LS CABLE;;;;;;;NR;;;;0;NR;;;;2018-05-28T13:14:11;;;;
OR91000000000165;;STERLITE;;;;;;;NR;;;;0;NR;;;;2018-05-28T13:14:12;;;;
OR91000000000166;;3M;;;;;;;NR;;;;0;NR;;;;2018-05-28T13:14:13;;;;
OR91000000000167;;COMMSCOPE;;;;;;;NR;;;;0;NR;;;;2018-05-28T13:14:14;;;;
OR91000000000168;;UTEL;;;;;;;NR;;;;0;NR;;;;2018-05-28T13:14:15;;;;
OR91000000000169;;UTD SUD;;;;;;;PROMENADE DES PRES;51;;;91150;ETAMPES;;;;2018-08-01T13:14:16;;;;
OR91000000000170;;UTD NORD-OUEST;;;;;;;ALLEE CEVERT;4;;;91310;LINAS;;;;2018-08-01T13:14:17;;;;
OR91000000000171;;UTD NORD-EST;;;;;;;RUE DU BOIS CHALAND;6;;;91090;LISSES;;;;2018-08-01T13:14:18;;;;
