﻿TYPE_NIVNUM;TYPE_DESCRIPTION;TYPE_LIB;TYPE_PARENT_KEY;TYPE_CODE;TYPE_NAME;TYPE_ID;TYPE_TABLE_NAME;TYPE_TABLE_PREFIX
;Non prÃ©cisÃ©;;0;NC;*NON PRECISE*;0;;
2;;;2;CBL;CABLAGE;1;;
;;;;STRUCT;STRUCTURE;2;;
1;;;2;INF;INFRA;3;;
;Equipement;;1;EQU;EQUIPEMENT;4;;
;;;2;CAB;CABLE;5;;
2;Point de Branchement Optique;;4;PBO;PBO;6;;
2;BoÃ®te de Protection d'Epissure;;4;BPE;BPE;7;;
2;BoÃ®te de Pied D'immeuble;;4;BPI;BPI;8;;
2;Point de Mutualisation;;4;PM;PM;10;;
2;BoÃ®te aux Lettres;;1;BAL;BAL;11;;
0;BÃ¢timent;;2;IMM;IMMEUBLE;12;;
1;Poteau;;3;POT;POTEAU;13;PRJ_POT_NOE;NOE
1;;;13;PFT;POTEAU FT;14;;
1;;;13;PBT;POTEAU BT;15;;
1;Chambre;;3;CHB;CHAMBRE;16;PRJ_CHB_NOE;NOE
1;;;16;CHB-FT;CHAMBRE FT;17;;
1;Chambre Satellite;;16;CHB_SAT;CHAMBRE SAT;18;;
2;CÃ¢ble de distribution;;5;CDI;CDI;19;;
2;CÃ¢ble de raccordement;;5;RAC;RAC;20;;
2;CÃ¢ble de transport;;5;CTR;CTR;21;;
2;Site Client RaccordÃ©;;1;SCR;SCR;22;;
;Adresse;;;ADR;ADR;23;;
1;Habitation  (collectif);;22;COL;COLLECTIF;24;;
1;Habitation (individuel);;22;IND;INDIVIDUEL;25;;
1;PrivÃ©;;22;PRV;PRIVE;26;;
1;Entreprise;;22;ENT;ENTREPRISE;27;;
1;Local technique;;22;LTE;LOCAL TECHNIQUE;28;;
1;Administration;;22;ADM;ADMINISTRATION;29;;
1;FaÃ§ade;;3;FAC;FAÃ‡ADE;30;null;NOE
;;;;;;99;;
2;Zone Ã  urbaniser;;23;Zone Ã  urbaniser;Zone Ã  urbaniser;100;;
2;Zone industrielle;;23;Zone industrielle;Zone industrielle;101;;
2;Zone d'amÃ©nagement;;23;Zone d'amÃ©nagement;Zone d'amÃ©nagement;102;;
2;Zone d'amÃ©nagement;;23;Zone d'amÃ©nagement;Zone d'amÃ©nagement;103;;
2;Zone artisanale;;23;Zone artisanale;Zone artisanale;104;;
2;Zone;;23;Zone;Zone;105;;
2;Ville(s);;23;Ville(s);Ville(s);106;;
2;Village(s);;23;Village(s);Village(s);107;;
2;Villa(s);;23;Villa(s);Villa(s);108;;
2;Vieux chemin;;23;Vieux chemin;Vieux chemin;109;;
2;Vieille route;;23;Vieille route;Vieille route;110;;
2;Via;;23;Via;Via;111;;
2;Venelle(s);;23;Venelle(s);Venelle(s);112;;
2;Val(lÃ©e)(lon);;23;Val(lÃ©e)(lon);Val(lÃ©e)(lon);113;;
2;Tunnel;;23;Tunnel;Tunnel;114;;
2;Traverse;;23;Traverse;Traverse;115;;
2;Tour;;23;Tour;Tour;116;;
2;Tertre(s);;23;Tertre(s);Tertre(s);117;;
2;Terre plein;;23;Terre plein;Terre plein;118;;
2;Terrasse(s);;23;Terrasse(s);Terrasse(s);119;;
2;Terrain;;23;Terrain;Terrain;120;;
2;Stade;;23;Stade;Stade;121;;
2;Square;;23;Square;Square;122;;
2;Sente(ier)(s);;23;Sente(ier)(s);Sente(ier)(s);123;;
2;RÃ©sidence(s);;23;RÃ©sidence(s);RÃ©sidence(s);124;;
2;Ruelle(s);;23;Ruelle(s);Ruelle(s);125;;
2;Route(s);;23;Route(s);Route(s);126;;
2;Rotonde;;23;Rotonde;Rotonde;127;;
2;Rond point;;23;Rond point;Rond point;128;;
2;Roc(ade);;23;Roc(ade);Roc(ade);129;;
2;Rempart;;23;Rempart;Rempart;130;;
2;Rampe;;23;Rampe;Rampe;131;;
2;Raccourci;;23;Raccourci;Raccourci;132;;
2;Quartier;;23;Quartier;Quartier;133;;
2;Promenade;;23;Promenade;Promenade;134;;
2;Poterne;;23;Poterne;Poterne;135;;
2;Portique(s);;23;Portique(s);Portique(s);136;;
2;Porte;;23;Porte;Porte;137;;
2;Port;;23;Port;Port;138;;
2;Pont(s);;23;Pont(s);Pont(s);139;;
2;Pointe;;23;Pointe;Pointe;140;;
2;Plateau(x);;23;Plateau(x);Plateau(x);141;;
2;Plan;;23;Plan;Plan;142;;
2;Plaine;;23;Plaine;Plaine;143;;
2;Plage(s);;23;Plage(s);Plage(s);144;;
2;Placis;;23;Placis;Placis;145;;
2;Place;;23;Place;Place;146;;
2;Petites(s) allÃ©e(s);;23;Petites(s) allÃ©e(s);Petites(s) allÃ©e(s);147;;
2;Petite rue;;23;Petite rue;Petite rue;148;;
2;Petite route;;23;Petite route;Petite route;149;;
2;Petite avenue;;23;Petite avenue;Petite avenue;150;;
2;Petit chemin;;23;Petit chemin;Petit chemin;151;;
2;Passerelle(s);;23;Passerelle(s);Passerelle(s);152;;
2;Passe(s);;23;Passe(s);Passe(s);153;;
2;Passage;;23;Passage;Passage;154;;
2;Parvis;;23;Parvis;Parvis;155;;
2;Parking;;23;Parking;Parking;156;;
2;Parc(s);;23;Parc(s);Parc(s);157;;
2;Nouvelle route;;23;Nouvelle route;Nouvelle route;158;;
2;MontÃ©e(s);;23;MontÃ©e(s);MontÃ©e(s);159;;
2;Mas;;23;Mas;Mas;160;;
2;Marche(s);;23;Marche(s);Marche(s);161;;
2;Maison;;23;Maison;Maison;162;;
2;Mail;;23;Mail;Mail;163;;
2;Lotissement(s);;23;Lotissement(s);Lotissement(s);164;;
2;LevÃ©e;;23;LevÃ©e;LevÃ©e;165;;
2;JetÃ©e(s);;23;JetÃ©e(s);JetÃ©e(s);166;;
2;Jardin(s);;23;Jardin(s);Jardin(s);167;;
2;Impasse(s);;23;Impasse(s);Impasse(s);168;;
2;IlÃ´t;;23;IlÃ´t;IlÃ´t;169;;
2;Ile;;23;Ile;Ile;170;;
2;Hameau(x);;23;Hameau(x);Hameau(x);171;;
2;Halle(s);;23;Halle(s);Halle(s);172;;
2;Halage;;23;Halage;Halage;173;;
2;HLM;;23;HLM;HLM;174;;
2;Grande(s) rue(s);;23;Grande(s) rue(s);Grande(s) rue(s);175;;
2;Grand boulevard;;23;Grand boulevard;Grand boulevard;176;;
2;Gare;;23;Gare;Gare;177;;
2;Galerie(s);;23;Galerie(s);Galerie(s);178;;
2;Fosse(s);;23;Fosse(s);Fosse(s);179;;
2;Fort;;23;Fort;Fort;180;;
2;Fontaine;;23;Fontaine;Fontaine;181;;
2;Ferme(s);;23;Ferme(s);Ferme(s);182;;
2;Faubourg;;23;Faubourg;Faubourg;183;;
2;Esplanade(s);;23;Esplanade(s);Esplanade(s);184;;
2;Espace;;23;Espace;Espace;185;;
2;Escalier(s);;23;Escalier(s);Escalier(s);186;;
2;Enclos;;23;Enclos;Enclos;187;;
2;Enclave;;23;Enclave;Enclave;188;;
2;Ecluse(s);;23;Ecluse(s);Ecluse(s);189;;
2;Ecart;;23;Ecart;Ecart;190;;
2;Domaine(s);;23;Domaine(s);Domaine(s);191;;
2;Digue(s);;23;Digue(s);Digue(s);192;;
2;Darse;;23;Darse;Darse;193;;
2;CÃ´te(au);;23;CÃ´te(au);CÃ´te(au);194;;
2;CÃ®te(s);;23;CÃ®te(s);CÃ®te(s);195;;
2;Croix;;23;Croix;Croix;196;;
2;Cours;;23;Cours;Cours;197;;
2;Cour;;23;Cour;Cour;198;;
2;Couloir;;23;Couloir;Couloir;199;;
2;Corniche(s);;23;Corniche(s);Corniche(s);200;;
2;Contour;;23;Contour;Contour;201;;
2;Col;;23;Col;Col;202;;
2;Clos;;23;Clos;Clos;203;;
2;ChÃ¢teau;;23;ChÃ¢teau;ChÃ¢teau;204;;
2;Cheminement(s);;23;Cheminement(s);Cheminement(s);205;;
2;Chemin(s);;23;Chemin(s);Chemin(s);206;;
2;Chemin vicinal(aux);;23;Chemin vicinal(aux);Chemin vicinal(aux);207;;
2;ChaussÃ©e(s);;23;ChaussÃ©e(s);ChaussÃ©e(s);208;;
2;Chasse;;23;Chasse;Chasse;209;;
2;Chapelle;;23;Chapelle;Chapelle;210;;
2;Chalet;;23;Chalet;Chalet;211;;
2;Centre(al);;23;Centre(al);Centre(al);212;;
2;Caserne;;23;Caserne;Caserne;213;;
2;CarriÃ¨re(s);;23;CarriÃ¨re(s);CarriÃ¨re(s);214;;
2;Carrefour;;23;Carrefour;Carrefour;215;;
2;Canal(aux);;23;Canal(aux);Canal(aux);216;;
2;Camping;;23;Camping;Camping;217;;
2;Camp;;23;Camp;Camp;218;;
2;Callada;;23;Callada;Callada;219;;
2;Bourg;;23;Bourg;Bourg;220;;
2;Boulevard;;23;Boulevard;Boulevard;221;;
2;Berge(s);;23;Berge(s);Berge(s);222;;
2;Bassin;;23;Bassin;Bassin;223;;
2;BarriÃ¨re(s);;23;BarriÃ¨re(s);BarriÃ¨re(s);224;;
2;AÃ©rodrome;;23;AÃ©rodrome;AÃ©rodrome;225;;
2;Avenue;;23;Avenue;Avenue;226;;
2;Autoroute;;23;Autoroute;Autoroute;227;;
2;Arcade(s);;23;Arcade(s);Arcade(s);228;;
2;Ancienne route(s);;23;Ancienne route(s);Ancienne route(s);229;;
2;Ancien chemin;;23;Ancien chemin;Ancien chemin;230;;
2;AllÃ©e(s);;23;AllÃ©e(s);AllÃ©e(s);231;;
2;Aire(s);;23;Aire(s);Aire(s);232;;
2;AgglomÃ©ration;;23;AgglomÃ©ration;AgglomÃ©ration;233;;
0;Equipements présents en chambre;;;EQUCHB;;234;;
0;Dossier fichiers;;;DOSFIC;DOSFIC;1000;;
1;Dossier chambres;;1000;DOSCHB;DOSCHB;1010;;
2;Dossier images chambres;;1100;IMGCHB;IMGCHB;1110;;
