<?xml version="1.0" encoding="utf-8"?>
<CLASSES>
	<NOE_TYPE>
		BAL,NRO,PRE,PM,PEP,PBO,PBR,PA,PDT
	</NOE_TYPE>
	<NOE_POSE>
		CHB,CHB-AC,POT-AC,POT-BT,POT-EL,POT-FT,SHE,CHB-FT,IMM,FAC
	</NOE_POSE>
	<CAB_TYPE>
		CDI,RAC,TRA,COL
	</CAB_TYPE>
	<CAB_POSE>
		AER,FOU,FAC,IMM
	</CAB_POSE>
	<PBO_TYPE>
		PBO,PBR,PRE,PB
	</PBO_TYPE>
	<BPE_TYPE>
		PEC,BPE,PEP,PA
	</BPE_TYPE>
	<SRO_TYPE>
		SRO,PM,PMZ
	</SRO_TYPE>
	<NRO_TYPE>
		NRO
	</NRO_TYPE>
	<INF_TYPE>
		CHB,CHB-AC,POT-AC,POT-BT,POT-EL,POT-FT,SHE,CHB-FT,IMM,FAC
	</INF_TYPE>
</CLASSES>