name;expression;code;width;desc
RAC;[CAB_TYPE] = "RAC";#70AD3E;2;lawgreen
6fo;[CAB_CAPA] <=10 and [CAB_TYPE]<>"RAC";#008000;2;green
12fo;[CAB_CAPA] = 12;#FF0000;2;red
24fo;[CAB_CAPA] = 24;#CD853F;3;peru
36fo;[CAB_CAPA] = 36;#006400;3;darkgreen
48fo;[CAB_CAPA] = 48;#FF00FF;3;magenta
72fo;[CAB_CAPA] = 72;#FF8C00;3;darkorange
96fo;[CAB_CAPA] = 96;#FFA500;3;orange
144fo;[CAB_CAPA] = 144;#0000FF;3;blue
288fo;[CAB_CAPA] = 288;#8B4513;4;saddlebrown
576fo;[CAB_CAPA] = 576;#008000;4;green
720fo;[CAB_CAPA] = 720;#87CEEB;4;skyblue
576fo;[CAB_CAPA] = 576;#EE82EE;4;violet
