﻿<?xml version="1.0" encoding="utf-8"?>
<Versions>
	<Version>
		<Date>19/11/2025</Date>
		<state>1</state>
		<Numero>1036</Numero>
		<Commentaire>MAJ table T_TAG</Commentaire>
		<Scripts>
			<Script>
				<Type>Structure</Type>
				<Name>T_TAG</Name>
				<Value>
					CREATE TABLE [T_TAG](
					[TAG_ID] INTEGER PRIMARY KEY AUTOINCREMENT, 
					[TAG_NAME] VARCHAR2(20), 
					[TAG_COLOR] VARCHAR2(10), 
					[DATE_CREA] INTEGER, 
					[DATE_MODIF] INTEGER);
				</Value>
			</Script>
		</Scripts>
	</Version>
	<Version>
		<Date>17/11/2024</Date>
		<state>1</state>
		<Numero>1035</Numero>
		<Commentaire>MAJ table INFRA_PONCTUEL et nettoyage</Commentaire>
		<Scripts>
			<Script>
				<Type>script</Type>
				<Name>t_chem_gc</Name>
				<commentaire>nettoyage</commentaire>
				<Value>
					drop view if exists [t_chem_gc]
				</Value>
			</Script>
			<Script>
				<Type>Structure</Type>
				<Name>INFRA_PONCTUEL</Name>
				<Value>
				CREATE TABLE [INFRA_PONCTUEL](
				[PTN_ID] INTEGER PRIMARY KEY AUTOINCREMENT, 
				[TYPE_KEY] INTEGER, 
				[ADR_KEY] INTEGER, 
				[PTN_NUM] CHAR, 
				[PTN_PROPRIO] CHAR, 
				[MAT_KEY] INTEGER, 
				[PTN_USERNUM] CHAR, 
				[PTN_NATURE] CHAR, 
				[PTN_COMMENT] CHAR, 
				[DATE_CREA] INTEGER, 
				[DATE_MODIF] INTEGER, 
				[CAD_LAYER] CHAR);
				
				SELECT DiscardGeometryColumn('INFRA_PONCTUEL', 'GEOMETRY');
  
				SELECT AddGeometryColumn('INFRA_PONCTUEL', 'GEOMETRY',
				2154, 'POINT', 'XY', 0);
			</Value>
			</Script>
		</Scripts>
	</Version>
	<Version>
		<Date>13/08/2024</Date>
		<state>1</state>
		<Numero>1034</Numero>
		<Commentaire>MAJ table INFRA_PONCTUEL</Commentaire>
		<Scripts>
			<script>
				<Type>Structure</Type>
				<Name>INFRA_PONCTUEL</Name>
				<Value>
				CREATE TABLE [INFRA_PONCTUEL](
				[PTN_ID] INTEGER PRIMARY KEY AUTOINCREMENT, 
				[TYPE_KEY] INTEGER, 
				[ADR_KEY] INTEGER, 
				[PTN_NUM] CHAR, 
				[PTN_PROPRIO] CHAR, 
				[MAT_KEY] INTEGER, 
				[PTN_USERNUM] CHAR, 
				[PTN_NATURE] CHAR, 
				[PTN_COMMENT] CHAR, 
				[DATE_CREA] INTEGER, 
				[DATE_MODIF] INTEGER, 
				[GEOMETRY] POINT NOT NULL DEFAULT '', 
				[CAD_LAYER] CHAR);	
			</Value>
			</script>
		</Scripts>
	</Version>
	<Version>
		<Date>09/03/2023</Date>
		<state>1</state>
		<Numero>1033</Numero>
		<Commentaire>MAJ table liens fibres info cab_plug</Commentaire>
		<Scripts>
			<script>
				<Type>Structure</Type>
				<Name>LIENS_CABFIB</Name>
				<Value>
				CREATE TABLE [LIENS_CABFIB](
				  [CAB1_KEY] INTEGER, 
				  [CAB1_PLUG] VARCHAR2(3), 
				  [CAB1_FIBNUM] INT, 
				  [SENS] INT, 
				  [CONNECTOR] VARCHAR2(5), 
				  [PORT] INT, 
				  [NOE_KEY] INTEGER, 
				  [CAB2_KEY] INTEGER, 
				  [CAB2_PLUG] VARCHAR2(3), 
				  [CAB2_FIBNUM] INT, 
				  [POSITION] INT, 
				  [K7] VARCHAR2(10), 
				  [RACK] VARCHAR2(10), 
				  [BAIE] VARCHAR2(10), 
				  [PLATEAU] VARCHAR2(10), 
				  [CAS_KEY] INTEGER, 
				  [POS_ID] INTEGER PRIMARY KEY AUTOINCREMENT, 
				  [CON_KEY] INTEGER);		
			</Value>
			</script>
		</Scripts>
	</Version>
	<Version>
		<Date>22/08/2022</Date>
		<state>1</state>
		<Numero>1032</Numero>
		<Commentaire>MAJ table liens fibres</Commentaire>
		<Scripts>
			<script>
				<Type>Structure</Type>
				<Name>T_CONNECTOR</Name>
				<Value>
				CREATE TABLE [T_CONNECTOR](
				[CON_ID] INTEGER PRIMARY KEY AUTOINCREMENT UNIQUE, 
				[CON_CAPTION] VARCHAR2(5));		
			</Value>
			</script>
			<script>
				<Type>Structure</Type>
				<Name>LIENS_CABFIB</Name>
				<Value>
				CREATE TABLE [LIENS_CABFIB](
				[CAB1_KEY] INTEGER, 
				[CAB1_FIBNUM] INT, 
				[SENS] INT, 
				[CONNECTOR] VARCHAR2(5), 
				[PORT] INT, 
				[NOE_KEY] INTEGER, 
				[CAB2_KEY] INTEGER, 
				[CAB2_FIBNUM] INT, 
				[POSITION] INT, 
				[K7] VARCHAR2(10), 
				[RACK] VARCHAR2(10), 
				[BAIE] VARCHAR2(10), 
				[PLATEAU] VARCHAR2(10), 
				[CAS_KEY] INTEGER, 
				[POS_ID] INTEGER PRIMARY KEY AUTOINCREMENT, 
				[CON_KEY] INTEGER);			
			</Value>
			</script>
		</Scripts>
	</Version>
	<Version>
		<Date>22/04/2021</Date>
		<State>1</State>
		<Numero>1032</Numero>
		<Commentaire>Mise à jout t_case</Commentaire>
		<Scripts>
			<Script>
				<Type>Structure</Type>
				<Name>T_CASE</Name>
				<Value>
					CREATE TABLE [T_CASE](
					  [CAS_ID] INTEGER PRIMARY KEY AUTOINCREMENT NOT NULL UNIQUE, 
					  [MAT_KEY] INTEGER, 
					  [NOE_KEY] INTEGER NOT NULL, 
					  [PARENT_KEY] INTEGER, 
					  [CAS_TYPE_KEY] INTEGER, 
					  [CAS_POS] INT, 
					  [CAS_CODEXT] VARCHAR2(25), 
					  [CAS_ETIQ] VARCHAR2(50), 
					  [CAS_CUSTOM_CAPA] INT, 
					  [CAS_CUSTOM_SIZE] INT);
					</Value>
			</Script>
		</Scripts>
	</Version>
	<Version>
		<Date>23/11/2020</Date>
		<State>1</State>
		<Numero>1031</Numero>
		<Commentaire>Ajout longueur tron BPE</Commentaire>
		<Scripts>
			<Script>
				<Type>Structure</Type>
				<Name>NOEUDS</Name>
				<Value>
					CREATE TABLE [NOEUDS](
					  [NOEID] INTEGER PRIMARY KEY AUTOINCREMENT, 
					  [EQUIPMENT] VARCHAR2(20), 
					  [CITY] VARCHAR2(25), 
					  [NUMNOE] VARCHAR2(20), 
					  [POSE] VARCHAR2(20), 
					  [STREET] VARCHAR2(150), 
					  [ADRNUM] VARCHAR2(50), 
					  [ADRCPLT] VARCHAR2(50), 
					  [CAPACITY] INT DEFAULT 0, 
					  [TYPE] VARCHAR2(15), 
					  [NOE_CODEXT] VARCHAR2(25), 
					  [NOE_TYPE] VARCHAR2(5), 
					  [NOE_USAGE] VARCHAR2, 
					  [CAD_BLOCKNAME] VARCHAR2(20), 
					  [CAD_LAYER] VARCHAR2(20), 
					  [CAD_HANDLE] VARCHAR2(12), 
					  [NBLR] INT, 
					  [NB_EPISSURES] INT, 
					  [LRI_NAME] VARCHAR2(25), 
					  [ADR_CP] VARCHAR2(12), 
					  [ADR_INSEE] VARCHAR2(12), 
					  [ADR_PARC] VARCHAR2(15), 
					  [TRON_LNG_CARTO] DOUBLE,
					  [TRON_LNG_BPE] DOUBLE, 
					  [POSONCAB] INT, 
					  [CAB_AMONT_KEY] INTEGER, 
					  [CAB_FCI_NUM] VARCHAR2(15), 
					  [CAB_CODEXT] VARCHAR2(20), 
					  [CAB_FCI_ZONE] VARCHAR2(10), 
					  [INF_NUM] VARCHAR2(12), 
					  [INF_NATURE] VARCHAR2(12), 
					  [INF_PROPRI] VARCHAR2(20), 
					  [INF_CAPNUM] CHAR, 
					  [INF_MAT] VARCHAR2(10), 
					  [SEC_NUM] VARCHAR2(15), 
					  [INF_KEY] INTEGER, 
					  [LRI_KEY] INTEGER, 
					  [IMP_KEY] INTEGER, 
					  [SEC_KEY] INTEGER, 
					  [GEOMETRY] POINT, 
					  [COMMENTAIRE] VARCHAR2(150), 
					  [DATE_CREA] INTEGER, 
					  [DATE_MODIF] INTEGER, 
					  [MAT_K7_CAP] INT);

					drop index if exists [cab_amont_key];       
					CREATE INDEX [cab_amont_key] ON [NOEUDS]([CAB_AMONT_KEY]);
					drop index if exists [main].noeid;       
					CREATE UNIQUE INDEX [noeid] ON [NOEUDS]([noeId]);					
					
					DROP TRIGGER IF EXISTS [giu_NOEUDS_GEOMETRY];
					DROP TRIGGER IF EXISTS [ggu_NOEUDS_GEOMETRY];
					DROP TRIGGER IF EXISTS [tmu_NOEUDS_GEOMETRY];
					DROP TRIGGER IF EXISTS [ggi_NOEUDS_GEOMETRY];
					DROP TRIGGER IF EXISTS [ggi_NOEUDS_GEOMETRY];
					DROP TRIGGER IF EXISTS [tmd_NOEUDS_GEOMETRY];
					DROP TRIGGER IF EXISTS [gii_NOEUDS_GEOMETRY];
					DROP TRIGGER IF EXISTS [gid_NOEUDS_GEOMETRY];
					DROP TRIGGER IF EXISTS [tmi_NOEUDS_GEOMETRY];
					
					CREATE TRIGGER [tmi_NOEUDS_GEOMETRY] AFTER INSERT ON [NOEUDS] FOR EACH ROW
					BEGIN
					  UPDATE
						[geometry_columns_time]
					  SET
						[last_insert] = STRFTIME ('%Y-%m-%dT%H:%M:%fZ', 'now')
					  WHERE
						LOWER ([f_table_name]) = LOWER ('NOEUDS')
						AND LOWER ([f_geometry_column]) = LOWER ('GEOMETRY');
					END;

					CREATE TRIGGER [gid_NOEUDS_GEOMETRY] AFTER DELETE ON [NOEUDS] FOR EACH ROW
					BEGIN
					  DELETE FROM
						"idx_NOEUDS_GEOMETRY"
					  WHERE
						[pkid] = [OLD].[ROWID];
					END;

					CREATE TRIGGER [gii_NOEUDS_GEOMETRY] AFTER INSERT ON [NOEUDS] FOR EACH ROW
					BEGIN
					  DELETE FROM
						"idx_NOEUDS_GEOMETRY"
					  WHERE
						[pkid] = [NEW].[ROWID];
					  SELECT RTREEALIGN ('idx_NOEUDS_GEOMETRY', [NEW].[ROWID], [NEW]."GEOMETRY");
					END;

					CREATE TRIGGER [tmd_NOEUDS_GEOMETRY] AFTER DELETE ON [NOEUDS] FOR EACH ROW
					BEGIN
					  UPDATE
						[geometry_columns_time]
					  SET
						[last_delete] = STRFTIME ('%Y-%m-%dT%H:%M:%fZ', 'now')
					  WHERE
						LOWER ([f_table_name]) = LOWER ('NOEUDS')
						AND LOWER ([f_geometry_column]) = LOWER ('GEOMETRY');
					END;

					CREATE TRIGGER [ggi_NOEUDS_GEOMETRY] BEFORE INSERT ON [NOEUDS] FOR EACH ROW
					BEGIN
					  SELECT RAISE(ROLLBACK, 'NOEUDS.GEOMETRY violates Geometry constraint [geom-type or SRID not allowed]')
					  WHERE  (SELECT [geometry_type]
							 FROM   [geometry_columns]
							 WHERE  LOWER ([f_table_name]) = LOWER ('NOEUDS')
									  AND LOWER ([f_geometry_column]) = LOWER ('GEOMETRY')
									  AND GEOMETRYCONSTRAINTS ([NEW]."GEOMETRY", [geometry_type], [srid]) = 1) IS NULL;
					END;

					CREATE TRIGGER [tmu_NOEUDS_GEOMETRY] AFTER UPDATE ON [NOEUDS] FOR EACH ROW
					BEGIN
					  UPDATE
						[geometry_columns_time]
					  SET
						[last_update] = STRFTIME ('%Y-%m-%dT%H:%M:%fZ', 'now')
					  WHERE
						LOWER ([f_table_name]) = LOWER ('NOEUDS')
						AND LOWER ([f_geometry_column]) = LOWER ('GEOMETRY');
					END;

					CREATE TRIGGER [ggu_NOEUDS_GEOMETRY] BEFORE UPDATE OF "GEOMETRY" ON [NOEUDS] FOR EACH ROW
					BEGIN
					  SELECT RAISE(ROLLBACK, 'NOEUDS.GEOMETRY violates Geometry constraint [geom-type or SRID not allowed]')
					  WHERE  (SELECT [geometry_type]
							 FROM   [geometry_columns]
							 WHERE  LOWER ([f_table_name]) = LOWER ('NOEUDS')
									  AND LOWER ([f_geometry_column]) = LOWER ('GEOMETRY')
									  AND GEOMETRYCONSTRAINTS ([NEW]."GEOMETRY", [geometry_type], [srid]) = 1) IS NULL;
					END;

					CREATE TRIGGER [giu_NOEUDS_GEOMETRY] AFTER UPDATE OF "GEOMETRY" ON [NOEUDS] FOR EACH ROW
					BEGIN
					  DELETE FROM
						"idx_NOEUDS_GEOMETRY"
					  WHERE
						[pkid] = [NEW].[ROWID];
					  SELECT RTREEALIGN ('idx_NOEUDS_GEOMETRY', [NEW].[ROWID], [NEW]."GEOMETRY");
					END;
					
					select DisableSpatialindex('noeuds','geometry');
					drop table if exists idx_NOEUDS_GEOMETRY;					
					select createspatialindex('noeuds','geometry');
				</Value>
			</Script>
		</Scripts>
	</Version>
	<Version>
		<Date>12/05/2020</Date>
		<State>1</State>
		<Numero>1030</Numero>
		<Commentaire>Ajout id position fibre</Commentaire>
		<Scripts>
			<Script>
				<Type>données</Type>
				<Name>D_CASE_TYPE</Name>
				<Value>
					Delete from D_CASE_TYPE;
					INSERT INTO [D_CASE_TYPE]([rowid], [TYPE_KEY], [TYPE_LIB]) VALUES(0, 0, 'Generique');
					INSERT INTO [D_CASE_TYPE]([rowid], [TYPE_KEY], [TYPE_LIB]) VALUES(1, 1, 'Cassette');
					INSERT INTO [D_CASE_TYPE]([rowid], [TYPE_KEY], [TYPE_LIB]) VALUES(2, 2, 'Plateau');
					INSERT INTO [D_CASE_TYPE]([rowid], [TYPE_KEY], [TYPE_LIB]) VALUES(3, 3, 'Tiroir');
					INSERT INTO [D_CASE_TYPE]([rowid], [TYPE_KEY], [TYPE_LIB]) VALUES(4, 4, 'Baie');
				</Value>
			</Script>
		</Scripts>
	</Version>
	<Version>
		<Date>12/05/2020</Date>
		<State>1</State>
		<Numero>1029</Numero>
		<Commentaire>mise en place cases</Commentaire>
		<Scripts>
			<Script>
				<Type>structure</Type>
				<Name>D_CASE_TYPE</Name>
				<Value>				
					CREATE TABLE [D_CASE_TYPE](
					[TYPE_KEY] INTEGER PRIMARY KEY AUTOINCREMENT UNIQUE, 
					[TYPE_LIB] VARCHAR2(15));	
				</Value>
			</Script>
			<Script>
				<Type>structure</Type>
				<Name>T_CASE</Name>
				<Value>
					CREATE TABLE [T_CASE](
					[CAS_ID] INTEGER PRIMARY KEY AUTOINCREMENT NOT NULL UNIQUE, 
					[MAT_KEY] INTEGER NOT NULL, 
					[NOE_KEY] INTEGER NOT NULL, 
					[PARENT_KEY] INTEGER, 
					[CAS_TYPE_KEY] INTEGER, 
					[CAS_POS] INT, 
					[CAS_CODEXT] VARCHAR2(25), 
					[CAS_ETIQ] VARCHAR2(50));

				</Value>
			</Script>
		</Scripts>
	</Version>
	<Version>
		<Date>23/04/2020</Date>
		<State>1</State>
		<Numero>1028</Numero>
		<Commentaire>Ajout id position fibre</Commentaire>
		<Scripts>
			<Script>
				<Type>structure</Type>
				<Name>LIENS_CABFIB</Name>
				<Value>
					CREATE TABLE [LIENS_CABFIB](
					[CAB1_KEY] INTEGER, 
					[CAB1_FIBNUM] INT, 
					[SENS] INT, 
					[CONNECTOR] VARCHAR2(5), 
					[PORT] INT, 
					[NOE_KEY] INTEGER, 
					[CAB2_KEY] INTEGER, 
					[CAB2_FIBNUM] INT, 
					[POSITION] INT, 
					[K7] VARCHAR2(10), 
					[RACK] VARCHAR2(10), 
					[BAIE] VARCHAR2(10), 
					[PLATEAU] VARCHAR2(10), 
					[CAS_KEY] INTEGER, 
					[POS_ID] INTEGER PRIMARY KEY AUTOINCREMENT);
				</Value>
			</Script>
		</Scripts>
	</Version>
	<Version>
		<Date>16/12/2019</Date>
		<State>1</State>
		<Numero>1027</Numero>
		<Commentaire>Ajout position fibre</Commentaire>
		<Scripts>
			<Script>
				<Type>structure</Type>
				<Name>LIENS_CABFIB</Name>
				<Value>
					CREATE TABLE [LIENS_CABFIB](
					[CAB1_KEY] INTEGER, 
					[CAB1_FIBNUM] INT, 
					[SENS] INT, 
					[CONNECTOR] VARCHAR2(5), 
					[PORT] INT, 
					[NOE_KEY] INTEGER, 
					[CAB2_KEY] INTEGER, 
					[CAB2_FIBNUM] INT, 
					[POSITION] INT, 
					[K7] VARCHAR2(10), 
					[RACK] VARCHAR2(10), 
					[BAIE] VARCHAR2(10), 
					[PLATEAU] VARCHAR2(10));
				</Value>
			</Script>
		</Scripts>
	</Version>
	<Version>
		<Date>07/11/2019</Date>
		<State>1</State>
		<Numero>1026</Numero>
		<Commentaire>Ajout TAGS</Commentaire>
		<Scripts>
			<Script>
				<Type>structure</Type>
				<Name>T_TAG</Name>
				<Value>
					CREATE TABLE [T_TAG](
					[TAG_ID] INTEGER PRIMARY KEY AUTOINCREMENT, 
					[TAG_NAME] VARCHAR2(20), 
					[TAG_COLOR] INT, 
					[DATE_CREA] INTEGER, 
					[DATE_MODIF] INTEGER);

				</Value>
			</Script>
			<Script>
				<Type>structure</Type>
				<Name>L_TAG_ENTITY</Name>
				<Value>
					CREATE TABLE [L_TAG_ENTITY](
					[LTAG_ID] INTEGER, 
					[ENT_KEY] INTEGER, 
					[TAG_KEY] INTEGER, 
					[TBL_NAME] VARCHAR2(20), 
					[TAG_VALUE] VARCHAR2(50), 
					[DATE_MODIF] INTEGER, 
					[DATE_CREA] INTEGER);
				</Value>
			</Script>
		</Scripts>
	</Version>
	<Version>
		<Date>25/01/2019</Date>
		<State>1</State>
		<Numero>1025</Numero>
		<Commentaire>Ajout info capa k7</Commentaire>
		<Scripts>
			<Script>
				<Type>structure</Type>
				<Name>NOEUDS</Name>
				<Value>
					CREATE TABLE [NOEUDS](
					[noeId] INTEGER PRIMARY KEY AUTOINCREMENT, 
					[equipment] VARCHAR2(20), 
					[city] VARCHAR2(25), 
					[numNoe] VARCHAR2(20), 
					[pose] VARCHAR2(20), 
					[street] VARCHAR2(150), 
					[adrNum] VARCHAR2(50), 
					[adrCplt] VARCHAR2(50), 
					[capacity] INT DEFAULT 0, 
					[type] VARCHAR2(15), 
					[NOE_CODEXT] VARCHAR2(25), 
					[NOE_TYPE] VARCHAR2(5), 
					[NOE_USAGE] VARCHAR2, 
					[CAD_BLOCKNAME] VARCHAR2(20), 
					[CAD_LAYER] VARCHAR2(20), 
					[CAD_HANDLE] VARCHAR2(12), 
					[NBLR] INT, 
					[NB_EPISSURES] INT, 
					[LRI_NAME] VARCHAR2(25), 
					[ADR_CP] VARCHAR2(12), 
					[ADR_INSEE] VARCHAR2(12), 
					[ADR_PARC] VARCHAR2(15), 
					[TRON_LNG_CARTO] DOUBLE, 
					[POSONCAB] INT, 
					[CAB_AMONT_KEY] INTEGER, 
					[CAB_FCI_NUM] VARCHAR2(15), 
					[CAB_CODEXT] VARCHAR2(20), 
					[CAB_FCI_ZONE] VARCHAR2(10), 
					[INF_NUM] VARCHAR2(12), 
					[INF_NATURE] VARCHAR2(12), 
					[INF_PROPRI] VARCHAR2(20), 
					[INF_CAPNUM] CHAR, 
					[INF_MAT] VARCHAR2(10), 
					[SEC_NUM] VARCHAR2(15), 
					[INF_KEY] INTEGER, 
					[LRI_KEY] INTEGER, 
					[IMP_KEY] INTEGER, 
					[SEC_KEY] INTEGER, 
					[GEOMETRY] POINT, 
					[COMMENTAIRE] VARCHAR2(150), 
					[DATE_CREA] INTEGER, 
					[DATE_MODIF] INTEGER, 
					[MAT_K7_CAP] INT);

					drop index if exists [main].noeid;           
					CREATE UNIQUE INDEX [noeid] ON [NOEUDS]([noeId]);

					DROP TRIGGER IF EXISTS [ggi_NOEUDS_GEOMETRY];            
					CREATE TRIGGER [ggi_NOEUDS_GEOMETRY]
					BEFORE INSERT
					ON [NOEUDS]
					FOR EACH ROW
					BEGIN
					SELECT RAISE(ROLLBACK, 'NOEUDS.GEOMETRY violates Geometry constraint [geom-type or SRID not allowed]')
					WHERE (SELECT geometry_type FROM geometry_columns
					WHERE Lower(f_table_name) = Lower('NOEUDS') AND Lower(f_geometry_column) = Lower('GEOMETRY')
					AND GeometryConstraints(NEW."GEOMETRY", geometry_type, srid) = 1) IS NULL;
					END;

					DROP TRIGGER IF EXISTS [ggu_NOEUDS_Geometry];
					CREATE TRIGGER [ggu_NOEUDS_GEOMETRY]
					BEFORE UPDATE
					ON [NOEUDS]
					FOR EACH ROW
					BEGIN
					SELECT RAISE(ROLLBACK, 'NOEUDS.GEOMETRY violates Geometry constraint [geom-type or SRID not allowed]')
					WHERE (SELECT geometry_type FROM geometry_columns
					WHERE Lower(f_table_name) = Lower('NOEUDS') AND Lower(f_geometry_column) = Lower('GEOMETRY')
					AND GeometryConstraints(NEW."GEOMETRY", geometry_type, srid) = 1) IS NULL;
					END;

					DROP TRIGGER IF EXISTS [tmu_NOEUDS_GEOMETRY];
					CREATE TRIGGER [tmu_NOEUDS_GEOMETRY]
					AFTER UPDATE
					ON [NOEUDS]
					FOR EACH ROW
					BEGIN
					UPDATE geometry_columns_time SET last_update = strftime('%Y-%m-%dT%H:%M:%fZ', 'now')
					WHERE Lower(f_table_name) = Lower('NOEUDS') AND Lower(f_geometry_column) = Lower('GEOMETRY');
					END;

					DROP TRIGGER IF EXISTS [tmi_NOEUDS_GEOMETRY];
					CREATE TRIGGER [tmi_NOEUDS_GEOMETRY]
					AFTER INSERT
					ON [NOEUDS]
					FOR EACH ROW
					BEGIN
					UPDATE geometry_columns_time SET last_insert = strftime('%Y-%m-%dT%H:%M:%fZ', 'now')
					WHERE Lower(f_table_name) = Lower('NOEUDS') AND Lower(f_geometry_column) = Lower('GEOMETRY');
					END;

					DROP TRIGGER IF EXISTS [tmd_NOEUDS_GEOMETRY];
					CREATE TRIGGER [tmd_NOEUDS_GEOMETRY]
					AFTER DELETE
					ON [NOEUDS]
					FOR EACH ROW
					BEGIN
					UPDATE geometry_columns_time SET last_delete = strftime('%Y-%m-%dT%H:%M:%fZ', 'now')
					WHERE Lower(f_table_name) = Lower('NOEUDS') AND Lower(f_geometry_column) = Lower('GEOMETRY');
					END;

					select createspatialindex('noeuds','geometry');
				</Value>
			</Script>
		</Scripts>
	</Version>
	<Version>
		<Date>07/12/2018</Date>
		<State>1</State>
		<Numero>1024</Numero>
		<Commentaire>Ajout T_ETIQUET</Commentaire>
		<Scripts>
			<Script>
				<Type>structure</Type>
				<Name>T_ETIQUET</Name>
				<Value>
					CREATE TABLE [T_ETIQUET](
					[TBL_KEY] INTEGER, 
					[TBL_NAME] VARCHAR2(20), 
					[ETI_NAME] VARCHAR2(20), 
					[ETI_VALUE] VARCHAR2(25));
				</Value>
			</Script>
		</Scripts>
	</Version>
	<Version>
		<Date>08/11/2018</Date>
		<State>1</State>
		<Numero>1023</Numero>
		<Commentaire>Maj L_FBT_GRA avec codext</Commentaire>
		<Scripts>
			<Script>
				<Type>structure</Type>
				<Name>L_FBT_GRA</Name>
				<Value>
					CREATE TABLE [L_FBT_GRA](
					[FBT_TBL] VARCHAR2(3), 
					[FBT_KEY] INTEGER, 
					[GRA_TBL] VARCHAR2(20), 
					[GRA_CODE] VARCHAR(25),
					[CODEXT] VARCHAR(25));

				</Value>
			</Script>
		</Scripts>
	</Version>
	<Version>
		<Date>13/09/2018</Date>
		<State>1</State>
		<Numero>1022</Numero>
		<Commentaire>creation table lien générique</Commentaire>
		<Scripts>
			<Script>
				<Type>structure</Type>
				<Name>L_TBL1_TBL2</Name>
				<Value>
					CREATE TABLE [L_TBL1_TBL2](
					[TBL1_NAME] VARCHAR2(20), 
					[TBL1_KEY] INTEGER , 
					[TBL2_NAME] VARCHAR2(20), 
					[TBL2_KEY] INTEGER , 
					[DATE_CREA] INTEGER);
				</Value>
			</Script>
		</Scripts>
	</Version>
	<Version>
		<Date>12/08/2018</Date>
		<State>1</State>
		<Numero>1021</Numero>
		<Commentaire>noe cab_codext</Commentaire>
		<Scripts>
			<Script>
				<Type>structure</Type>
				<Name>Noeuds</Name>
				<Value>
					CREATE TABLE [NOEUDS](
					[noeId] INTEGER PRIMARY KEY AUTOINCREMENT, 
					[equipment] VARCHAR2(20), 
					[city] VARCHAR2(25), 
					[numNoe] VARCHAR2(20), 
					[pose] VARCHAR2(20), 
					[street] VARCHAR2(150), 
					[adrNum] VARCHAR2(50), 
					[adrCplt] VARCHAR2(50), 
					[capacity] INT DEFAULT 0, 
					[type] VARCHAR2(15), 
					[NOE_CODEXT] VARCHAR2(25), 
					[NOE_TYPE] VARCHAR2(5), 
					[NOE_USAGE] VARCHAR2, 
					[CAD_BLOCKNAME] VARCHAR2(20), 
					[CAD_LAYER] VARCHAR2(20), 
					[CAD_HANDLE] VARCHAR2(12), 
					[NBLR] INT, 
					[NB_EPISSURES] INT, 
					[LRI_NAME] VARCHAR2(25), 
					[ADR_CP] VARCHAR2(12), 
					[ADR_INSEE] VARCHAR2(12), 
					[ADR_PARC] VARCHAR2(15), 
					[TRON_LNG_CARTO] DOUBLE, 
					[POSONCAB] INT, 
					[CAB_AMONT_KEY] INTEGER, 
					[CAB_FCI_NUM] VARCHAR2(15), 
					[CAB_CODEXT] VARCHAR2(20), 
					[CAB_FCI_ZONE] VARCHAR2(10), 
					[INF_NUM] VARCHAR2(12), 
					[INF_NATURE] VARCHAR2(12), 
					[INF_PROPRI] VARCHAR2(20), 
					[INF_CAPNUM] CHAR, 
					[INF_MAT] VARCHAR2(10), 
					[SEC_NUM] VARCHAR2(15), 
					[INF_KEY] INTEGER, 
					[LRI_KEY] INTEGER, 
					[IMP_KEY] INTEGER, 
					[SEC_KEY] INTEGER, 
					[GEOMETRY] POINT, 
					[COMMENTAIRE] VARCHAR2(150), 
					[DATE_CREA] INTEGER, 
					[DATE_MODIF] INTEGER);

					drop index if exists [main].noeid;           
					CREATE UNIQUE INDEX [noeid] ON [NOEUDS]([noeId]);

					DROP TRIGGER IF EXISTS [ggi_NOEUDS_GEOMETRY];            
					CREATE TRIGGER [ggi_NOEUDS_GEOMETRY]
					BEFORE INSERT
					ON [NOEUDS]
					FOR EACH ROW
					BEGIN
					SELECT RAISE(ROLLBACK, 'NOEUDS.GEOMETRY violates Geometry constraint [geom-type or SRID not allowed]')
					WHERE (SELECT geometry_type FROM geometry_columns
					WHERE Lower(f_table_name) = Lower('NOEUDS') AND Lower(f_geometry_column) = Lower('GEOMETRY')
					AND GeometryConstraints(NEW."GEOMETRY", geometry_type, srid) = 1) IS NULL;
					END;

					DROP TRIGGER IF EXISTS [ggu_NOEUDS_Geometry];
					CREATE TRIGGER [ggu_NOEUDS_GEOMETRY]
					BEFORE UPDATE
					ON [NOEUDS]
					FOR EACH ROW
					BEGIN
					SELECT RAISE(ROLLBACK, 'NOEUDS.GEOMETRY violates Geometry constraint [geom-type or SRID not allowed]')
					WHERE (SELECT geometry_type FROM geometry_columns
					WHERE Lower(f_table_name) = Lower('NOEUDS') AND Lower(f_geometry_column) = Lower('GEOMETRY')
					AND GeometryConstraints(NEW."GEOMETRY", geometry_type, srid) = 1) IS NULL;
					END;

					DROP TRIGGER IF EXISTS [tmu_NOEUDS_GEOMETRY];
					CREATE TRIGGER [tmu_NOEUDS_GEOMETRY]
					AFTER UPDATE
					ON [NOEUDS]
					FOR EACH ROW
					BEGIN
					UPDATE geometry_columns_time SET last_update = strftime('%Y-%m-%dT%H:%M:%fZ', 'now')
					WHERE Lower(f_table_name) = Lower('NOEUDS') AND Lower(f_geometry_column) = Lower('GEOMETRY');
					END;

					DROP TRIGGER IF EXISTS [tmi_NOEUDS_GEOMETRY];
					CREATE TRIGGER [tmi_NOEUDS_GEOMETRY]
					AFTER INSERT
					ON [NOEUDS]
					FOR EACH ROW
					BEGIN
					UPDATE geometry_columns_time SET last_insert = strftime('%Y-%m-%dT%H:%M:%fZ', 'now')
					WHERE Lower(f_table_name) = Lower('NOEUDS') AND Lower(f_geometry_column) = Lower('GEOMETRY');
					END;

					DROP TRIGGER IF EXISTS [tmd_NOEUDS_GEOMETRY];
					CREATE TRIGGER [tmd_NOEUDS_GEOMETRY]
					AFTER DELETE
					ON [NOEUDS]
					FOR EACH ROW
					BEGIN
					UPDATE geometry_columns_time SET last_delete = strftime('%Y-%m-%dT%H:%M:%fZ', 'now')
					WHERE Lower(f_table_name) = Lower('NOEUDS') AND Lower(f_geometry_column) = Lower('GEOMETRY');
					END;

					select createspatialindex('noeuds','geometry');
				</Value>
			</Script>
		</Scripts>
	</Version>
	<Version>
		<Date>11/08/2018</Date>
		<State>1</State>
		<Numero>1020</Numero>
		<Commentaire>maj index</Commentaire>
		<Scripts>
			<Script>
				<Type>script</Type>
				<Name>Index</Name>
				<Value>
					drop index if exists [main].cab_id;
					CREATE UNIQUE INDEX [cab_id] ON [CABLES]([cab_id]);
					select createspatialindex('cables','geometry');
					select createspatialindex('noeuds','geometry');
				</Value>
			</Script>
		</Scripts>
	</Version>
	<Version>
		<Date>02/07/2018</Date>
		<State>1</State>
		<Numero>1018</Numero>
		<Commentaire>maj pour covage</Commentaire>
		<Scripts>
			<Script>
				<Type>Structure</Type>
				<Name>CABLES</Name>
				<Value>
					CREATE TABLE [CABLES](
					[CAD_HANDLE] VARCHAR2(12), 
					[CAD_LAYER] VARCHAR2(20), 
					[NOE_AMONT_KEY] INTEGER, 
					[CAB_CAPA] INT DEFAULT 0, 
					[CAB_LNG] DOUBLE DEFAULT 0, 
					[CAB_POSE] VARCHAR2(10), 
					[CAB_TYPE] VARCHAR2(10), 
					[CAB_REF] VARCHAR2(25), 
					[CAB_NAME] VARCHAR2(20), 
					[CAB_CODEXT] VARCHAR2(20), 
					[CAB_ID] INTEGER PRIMARY KEY AUTOINCREMENT NOT NULL, 
					[SEC_NUM] VARCHAR2, 
					[CAB_MODULO] INT, 
					[CAB_LNG_CARTO] DOUBLE(5, 4), 
					[Geometry] LINESTRING, 
					[TOP] INTEGER, 
					[SEC_KEY] INTEGER);

					DROP TRIGGER IF EXISTS [gii_CABLES_GEOMETRY];     
					CREATE TRIGGER [gii_CABLES_Geometry] AFTER INSERT ON [CABLES] FOR EACH ROW
					BEGIN
					UPDATE
					[geometry_columns_time]
					SET
					[last_insert] = STRFTIME ('%Y-%m-%dT%H:%M:%fZ', 'now')
					WHERE
					LOWER ([f_table_name]) = LOWER ('CABLES')
					AND LOWER ([f_geometry_column]) = LOWER ('Geometry');
					DELETE FROM
					"idx_CABLES_Geometry"
					WHERE
					[pkid] = [NEW].[ROWID];
					SELECT RTREEALIGN ('idx_CABLES_Geometry', [NEW].[ROWID], [NEW]."Geometry");
					END;

					DROP TRIGGER IF EXISTS [gid_CABLES_GEOMETRY];        
					CREATE TRIGGER [gid_CABLES_Geometry] AFTER DELETE ON [CABLES] FOR EACH ROW
					BEGIN
					UPDATE
					[geometry_columns_time]
					SET
					[last_delete] = STRFTIME ('%Y-%m-%dT%H:%M:%fZ', 'now')
					WHERE
					LOWER ([f_table_name]) = LOWER ('CABLES')
					AND LOWER ([f_geometry_column]) = LOWER ('Geometry');
					DELETE FROM
					"idx_CABLES_Geometry"
					WHERE
					[pkid] = [OLD].[ROWID];
					END;

					DROP TRIGGER IF EXISTS [ggu_CABLES_GEOMETRY];     
					CREATE TRIGGER [ggu_CABLES_Geometry] BEFORE UPDATE ON [CABLES] FOR EACH ROW
					BEGIN
					SELECT RAISE(ROLLBACK, 'CABLES.Geometry violates Geometry constraint [geom-type or SRID not allowed]')
					WHERE  (SELECT [geometry_type]
					FROM   [geometry_columns]
					WHERE  LOWER ([f_table_name]) = LOWER ('CABLES')
					AND LOWER ([f_geometry_column]) = LOWER ('Geometry')
					AND GEOMETRYCONSTRAINTS ([NEW]."Geometry", [geometry_type], [srid]) = 1) IS NULL;
					END;

					DROP TRIGGER IF EXISTS [ggi_CABLES_GEOMETRY];     
					CREATE TRIGGER [ggi_CABLES_Geometry] BEFORE INSERT ON [CABLES] FOR EACH ROW
					BEGIN
					SELECT RAISE(ROLLBACK, 'CABLES.Geometry violates Geometry constraint [geom-type or SRID not allowed]')
					WHERE  (SELECT [geometry_type]
					FROM   [geometry_columns]
					WHERE  LOWER ([f_table_name]) = LOWER ('CABLES')
					AND LOWER ([f_geometry_column]) = LOWER ('Geometry')
					AND GEOMETRYCONSTRAINTS ([NEW]."Geometry", [geometry_type], [srid]) = 1) IS NULL;
					END;

					DROP TRIGGER IF EXISTS [giu_CABLES_GEOMETRY];     
					CREATE TRIGGER [giu_CABLES_Geometry] AFTER UPDATE ON [CABLES] FOR EACH ROW
					BEGIN
					UPDATE
					[geometry_columns_time]
					SET
					[last_update] = STRFTIME ('%Y-%m-%dT%H:%M:%fZ', 'now')
					WHERE
					LOWER ([f_table_name]) = LOWER ('CABLES')
					AND LOWER ([f_geometry_column]) = LOWER ('Geometry');
					DELETE FROM
					"idx_CABLES_Geometry"
					WHERE
					[pkid] = [NEW].[ROWID];
					SELECT RTREEALIGN ('idx_CABLES_Geometry', [NEW].[ROWID], [NEW]."Geometry");
					END;
				</Value>
			</Script>
			<Script>
				<Type>Structure</Type>
				<Name>NOEUDS</Name>
				<Value>
					CREATE TABLE [NOEUDS](
					[noeId] INTEGER PRIMARY KEY AUTOINCREMENT, 
					[equipment] VARCHAR2(20), 
					[city] VARCHAR2(25), 
					[numNoe] VARCHAR2(20), 
					[pose] VARCHAR2(20), 
					[street] VARCHAR2(150), 
					[adrNum] VARCHAR2(50), 
					[adrCplt] VARCHAR2(50), 
					[capacity] INT DEFAULT 0, 
					[type] VARCHAR2(15), 
					[NOE_CODEXT] VARCHAR2(25), 
					[NOE_TYPE] VARCHAR2(5), 
					[NOE_USAGE] VARCHAR2, 
					[CAD_BLOCKNAME] VARCHAR2(20), 
					[CAD_LAYER] VARCHAR2(20), 
					[CAD_HANDLE] VARCHAR2(12), 
					[NBLR] INT, 
					[NB_EPISSURES] INT, 
					[LRI_NAME] VARCHAR2(25), 
					[ADR_CP] VARCHAR2(12), 
					[ADR_INSEE] VARCHAR2(12), 
					[ADR_PARC] VARCHAR2(15), 
					[TRON_LNG_CARTO] DOUBLE, 
					[POSONCAB] INT, 
					[CAB_AMONT_KEY] INTEGER, 
					[CAB_FCI_NUM] VARCHAR2(15), 
					[CAB_TRON_CODE] VARCHAR2(20), 
					[CAB_FCI_ZONE] VARCHAR2(10), 
					[INF_NUM] VARCHAR2(12), 
					[INF_NATURE] VARCHAR2(12), 
					[INF_PROPRI] VARCHAR2(20), 
					[INF_CAPNUM] CHAR, 
					[INF_MAT] VARCHAR2(10), 
					[SEC_NUM] VARCHAR2(15), 
					[INF_KEY] INTEGER, 
					[LRI_KEY] INTEGER, 
					[IMP_KEY] INTEGER, 
					[SEC_KEY] INTEGER, 
					[GEOMETRY] POINT, 
					[COMMENTAIRE] VARCHAR2(150), 
					[DATE_CREA] INTEGER, 
					[DATE_MODIF] INTEGER);


					DROP TRIGGER IF EXISTS [ggi_NOEUDS_GEOMETRY];            
					CREATE TRIGGER [ggi_NOEUDS_GEOMETRY]
					BEFORE INSERT
					ON [NOEUDS]
					FOR EACH ROW
					BEGIN
					SELECT RAISE(ROLLBACK, 'NOEUDS.GEOMETRY violates Geometry constraint [geom-type or SRID not allowed]')
					WHERE (SELECT geometry_type FROM geometry_columns
					WHERE Lower(f_table_name) = Lower('NOEUDS') AND Lower(f_geometry_column) = Lower('GEOMETRY')
					AND GeometryConstraints(NEW."GEOMETRY", geometry_type, srid) = 1) IS NULL;
					END;

					DROP TRIGGER IF EXISTS [ggu_NOEUDS_Geometry];
					CREATE TRIGGER [ggu_NOEUDS_GEOMETRY]
					BEFORE UPDATE
					ON [NOEUDS]
					FOR EACH ROW
					BEGIN
					SELECT RAISE(ROLLBACK, 'NOEUDS.GEOMETRY violates Geometry constraint [geom-type or SRID not allowed]')
					WHERE (SELECT geometry_type FROM geometry_columns
					WHERE Lower(f_table_name) = Lower('NOEUDS') AND Lower(f_geometry_column) = Lower('GEOMETRY')
					AND GeometryConstraints(NEW."GEOMETRY", geometry_type, srid) = 1) IS NULL;
					END;

					DROP TRIGGER IF EXISTS [tmu_NOEUDS_GEOMETRY];
					CREATE TRIGGER [tmu_NOEUDS_GEOMETRY]
					AFTER UPDATE
					ON [NOEUDS]
					FOR EACH ROW
					BEGIN
					UPDATE geometry_columns_time SET last_update = strftime('%Y-%m-%dT%H:%M:%fZ', 'now')
					WHERE Lower(f_table_name) = Lower('NOEUDS') AND Lower(f_geometry_column) = Lower('GEOMETRY');
					END;

					DROP TRIGGER IF EXISTS [tmi_NOEUDS_GEOMETRY];
					CREATE TRIGGER [tmi_NOEUDS_GEOMETRY]
					AFTER INSERT
					ON [NOEUDS]
					FOR EACH ROW
					BEGIN
					UPDATE geometry_columns_time SET last_insert = strftime('%Y-%m-%dT%H:%M:%fZ', 'now')
					WHERE Lower(f_table_name) = Lower('NOEUDS') AND Lower(f_geometry_column) = Lower('GEOMETRY');
					END;

					DROP TRIGGER IF EXISTS [tmd_NOEUDS_GEOMETRY];
					CREATE TRIGGER [tmd_NOEUDS_GEOMETRY]
					AFTER DELETE
					ON [NOEUDS]
					FOR EACH ROW
					BEGIN
					UPDATE geometry_columns_time SET last_delete = strftime('%Y-%m-%dT%H:%M:%fZ', 'now')
					WHERE Lower(f_table_name) = Lower('NOEUDS') AND Lower(f_geometry_column) = Lower('GEOMETRY');
					END;</Value>
			</Script>
		</Scripts>
	</Version>
	<Version>
		<Date>29/06/2018</Date>
		<State>1</State>
		<Numero>1017</Numero>
		<Commentaire>ajout codext</Commentaire>
		<Scripts>
			<Script>
				<Type>Structure</Type>
				<Name>NOEUDS</Name>
				<Value>CREATE TABLE [NOEUDS](
					[noeId] INTEGER PRIMARY KEY AUTOINCREMENT, 
					[equipment] VARCHAR2(20), 
					[city] VARCHAR2(25), 
					[numNoe] VARCHAR2(20), 
					[pose] VARCHAR2(20), 
					[street] VARCHAR2(150), 
					[adrNum] VARCHAR2(50), 
					[adrCplt] VARCHAR2(50), 
					[capacity] INT DEFAULT 0, 
					[type] VARCHAR2(15), 
					[IMP_KEY] INTEGER, 
					[NOE_CODEXT] VARCHAR2(25), 
					[CAB_AMONT_KEY] INTEGER, 
					[POSONCAB] INT, 
					[CAD_BLOCKNAME] VARCHAR2(20), 
					[CAD_LAYER] VARCHAR2(20), 
					[CAD_HANDLE] VARCHAR2(12), 
					[NBLR] INT, 
					[NB_EPISSURES] INT, 
					[LRI_NAME] VARCHAR2(25), 
					[LRI_KEY] INTEGER, 
					[NOE_TYPE] VARCHAR2(5), 
					[SEC_NUM] VARCHAR2(15), 
					[ADR_CP] VARCHAR2(12), 
					[ADR_INSEE] VARCHAR2(12), 
					[ADR_PARC] VARCHAR2(15), 
					[INF_NUM] VARCHAR2(12), 
					[TRON_LNG_CARTO] DOUBLE, 
					[NOE_USAGE] VARCHAR2, 
					[INF_NATURE] VARCHAR2(12), 
					[INF_PROPRI] VARCHAR2(20), 
					[CAB_FCI_NUM] VARCHAR2(15), 
					[CAB_FCI_ZONE] VARCHAR2(10), 
					[INF_CAPNUM] CHAR, 
					[INF_MAT] VARCHAR2(10), 
					[INF_KEY] INTEGER, 
					[GEOMETRY] POINT, 
					[SEC_KEY] INTEGER, 
					[COMMENTAIRE] VARCHAR2(150), 
					[DATE_CREA] INTEGER, 
					[DATE_MODIF] INTEGER);

					DROP TRIGGER IF EXISTS [ggi_NOEUDS_GEOMETRY];            
					CREATE TRIGGER [ggi_NOEUDS_GEOMETRY]
					BEFORE INSERT
					ON [NOEUDS]
					FOR EACH ROW
					BEGIN
					SELECT RAISE(ROLLBACK, 'NOEUDS.GEOMETRY violates Geometry constraint [geom-type or SRID not allowed]')
					WHERE (SELECT geometry_type FROM geometry_columns
					WHERE Lower(f_table_name) = Lower('NOEUDS') AND Lower(f_geometry_column) = Lower('GEOMETRY')
					AND GeometryConstraints(NEW."GEOMETRY", geometry_type, srid) = 1) IS NULL;
					END;

					DROP TRIGGER IF EXISTS [ggu_NOEUDS_Geometry];
					CREATE TRIGGER [ggu_NOEUDS_GEOMETRY]
					BEFORE UPDATE
					ON [NOEUDS]
					FOR EACH ROW
					BEGIN
					SELECT RAISE(ROLLBACK, 'NOEUDS.GEOMETRY violates Geometry constraint [geom-type or SRID not allowed]')
					WHERE (SELECT geometry_type FROM geometry_columns
					WHERE Lower(f_table_name) = Lower('NOEUDS') AND Lower(f_geometry_column) = Lower('GEOMETRY')
					AND GeometryConstraints(NEW."GEOMETRY", geometry_type, srid) = 1) IS NULL;
					END;

					DROP TRIGGER IF EXISTS [tmu_NOEUDS_GEOMETRY];
					CREATE TRIGGER [tmu_NOEUDS_GEOMETRY]
					AFTER UPDATE
					ON [NOEUDS]
					FOR EACH ROW
					BEGIN
					UPDATE geometry_columns_time SET last_update = strftime('%Y-%m-%dT%H:%M:%fZ', 'now')
					WHERE Lower(f_table_name) = Lower('NOEUDS') AND Lower(f_geometry_column) = Lower('GEOMETRY');
					END;

					DROP TRIGGER IF EXISTS [tmi_NOEUDS_GEOMETRY];
					CREATE TRIGGER [tmi_NOEUDS_GEOMETRY]
					AFTER INSERT
					ON [NOEUDS]
					FOR EACH ROW
					BEGIN
					UPDATE geometry_columns_time SET last_insert = strftime('%Y-%m-%dT%H:%M:%fZ', 'now')
					WHERE Lower(f_table_name) = Lower('NOEUDS') AND Lower(f_geometry_column) = Lower('GEOMETRY');
					END;

					DROP TRIGGER IF EXISTS [tmd_NOEUDS_GEOMETRY];
					CREATE TRIGGER [tmd_NOEUDS_GEOMETRY]
					AFTER DELETE
					ON [NOEUDS]
					FOR EACH ROW
					BEGIN
					UPDATE geometry_columns_time SET last_delete = strftime('%Y-%m-%dT%H:%M:%fZ', 'now')
					WHERE Lower(f_table_name) = Lower('NOEUDS') AND Lower(f_geometry_column) = Lower('GEOMETRY');
					END;</Value>
			</Script>
		</Scripts>
	</Version>
	<Version>
		<Date>10/05/2018</Date>
		<State>1</State>
		<Numero>1016</Numero>
		<Commentaire>optimisation noeuds</Commentaire>
		<Scripts>
			<Script>
				<Type>Structure</Type>
				<Name>NOEUDS</Name>
				<Value>CREATE TABLE [NOEUDS](
					[noeId] INTEGER PRIMARY KEY AUTOINCREMENT, 
					[equipment] VARCHAR2(20), 
					[city] VARCHAR2(25), 
					[numNoe] VARCHAR2(20), 
					[pose] VARCHAR2(20), 
					[street] VARCHAR2(150), 
					[adrNum] VARCHAR2(50), 
					[adrCplt] VARCHAR2(50), 
					[capacity] INT DEFAULT 0, 
					[type] VARCHAR2(15), 
					[CAB_AMONT_KEY] INTEGER, 
					[POSONCAB] INT, 
					[CAD_BLOCKNAME] VARCHAR2(20), 
					[CAD_LAYER] VARCHAR2(20), 
					[CAD_HANDLE] VARCHAR2(12), 
					[NBLR] INT, 
					[NB_EPISSURES] INT, 
					[LRI_NAME] VARCHAR2(25), 
					[LRI_KEY] INTEGER, 
					[NOE_TYPE] VARCHAR2(5), 
					[SEC_NUM] VARCHAR2(15), 
					[ADR_CP] VARCHAR2(12), 
					[ADR_INSEE] VARCHAR2(12), 
					[ADR_PARC] VARCHAR2(15), 
					[INF_NUM] VARCHAR2(12), 
					[TRON_LNG_CARTO] DOUBLE, 
					[NOE_USAGE] VARCHAR2, 
					[INF_NATURE] VARCHAR2(12), 
					[INF_PROPRI] VARCHAR2(20), 
					[CAB_FCI_NUM] VARCHAR2(15), 
					[CAB_FCI_ZONE] VARCHAR2(10), 
					[INF_CAPNUM] CHAR, 
					[INF_MAT] VARCHAR2(10), 
					[INF_KEY] INTEGER, 
					[GEOMETRY] POINT, 
					[SEC_KEY] INTEGER, 
					[COMMENTAIRE] VARCHAR2(150),
					[DATE_CREA] INTEGER, 
					[DATE_MODIF] INTEGER); 

					DROP TRIGGER IF EXISTS [ggi_NOEUDS_GEOMETRY];            
					CREATE TRIGGER [ggi_NOEUDS_GEOMETRY]
					BEFORE INSERT
					ON [NOEUDS]
					FOR EACH ROW
					BEGIN
					SELECT RAISE(ROLLBACK, 'NOEUDS.GEOMETRY violates Geometry constraint [geom-type or SRID not allowed]')
					WHERE (SELECT geometry_type FROM geometry_columns
					WHERE Lower(f_table_name) = Lower('NOEUDS') AND Lower(f_geometry_column) = Lower('GEOMETRY')
					AND GeometryConstraints(NEW."GEOMETRY", geometry_type, srid) = 1) IS NULL;
					END;

					DROP TRIGGER IF EXISTS [ggu_NOEUDS_Geometry];
					CREATE TRIGGER [ggu_NOEUDS_GEOMETRY]
					BEFORE UPDATE
					ON [NOEUDS]
					FOR EACH ROW
					BEGIN
					SELECT RAISE(ROLLBACK, 'NOEUDS.GEOMETRY violates Geometry constraint [geom-type or SRID not allowed]')
					WHERE (SELECT geometry_type FROM geometry_columns
					WHERE Lower(f_table_name) = Lower('NOEUDS') AND Lower(f_geometry_column) = Lower('GEOMETRY')
					AND GeometryConstraints(NEW."GEOMETRY", geometry_type, srid) = 1) IS NULL;
					END;

					DROP TRIGGER IF EXISTS [tmu_NOEUDS_GEOMETRY];
					CREATE TRIGGER [tmu_NOEUDS_GEOMETRY]
					AFTER UPDATE
					ON [NOEUDS]
					FOR EACH ROW
					BEGIN
					UPDATE geometry_columns_time SET last_update = strftime('%Y-%m-%dT%H:%M:%fZ', 'now')
					WHERE Lower(f_table_name) = Lower('NOEUDS') AND Lower(f_geometry_column) = Lower('GEOMETRY');
					END;

					DROP TRIGGER IF EXISTS [tmi_NOEUDS_GEOMETRY];
					CREATE TRIGGER [tmi_NOEUDS_GEOMETRY]
					AFTER INSERT
					ON [NOEUDS]
					FOR EACH ROW
					BEGIN
					UPDATE geometry_columns_time SET last_insert = strftime('%Y-%m-%dT%H:%M:%fZ', 'now')
					WHERE Lower(f_table_name) = Lower('NOEUDS') AND Lower(f_geometry_column) = Lower('GEOMETRY');
					END;

					DROP TRIGGER IF EXISTS [tmd_NOEUDS_GEOMETRY];
					CREATE TRIGGER [tmd_NOEUDS_GEOMETRY]
					AFTER DELETE
					ON [NOEUDS]
					FOR EACH ROW
					BEGIN
					UPDATE geometry_columns_time SET last_delete = strftime('%Y-%m-%dT%H:%M:%fZ', 'now')
					WHERE Lower(f_table_name) = Lower('NOEUDS') AND Lower(f_geometry_column) = Lower('GEOMETRY');
					END;</Value>
			</Script>
		</Scripts>
	</Version>
	<Version>
		<Date>06/05/2018</Date>
		<State>1</State>
		<Numero>1015</Numero>
		<Commentaire>evolution database</Commentaire>
		<Scripts>
			<Script>
				<Type>Structure</Type>
				<Name>ESSAI</Name>
				<Value>Drop table if exists ESSAI;</Value>
			</Script>
		</Scripts>
	</Version>
	<Version>
		<Date>30/04/2018</Date>
		<State>1</State>
		<Numero>1014</Numero>
		<Commentaire>séparation liens grace de la table noeud</Commentaire>
		<Scripts>
			<Script>
				<Type>Structure</Type>
				<Name>L_FBT_GRA</Name>
				<Value>CREATE TABLE [L_FBT_GRA](
					[FBT_TBL] VARCHAR2(3), 
					[FBT_KEY] INTEGER, 
					[GRA_TBL] VARCHAR2(20), 
					[GRA_CODE] VARCHAR(25));
				</Value>
			</Script>
			<Script>
				<Type>Structure</Type>
				<Name>L_CAB_NOE</Name>
				<Value>
					Drop table if exists LIENS_CABNOE;
					CREATE TABLE [L_CAB_NOE](
					[CAB_KEY] INTEGER NOT NULL, 
					[NOE_KEY] INTEGER NOT NULL, 
					[SENS] INT, 
					[TRON_INDEX] INT, 
					[CAB_NB_FU] INT, 
					[CAB_NB_FR] INT, 
					PRIMARY KEY([CAB_KEY], [NOE_KEY]));
				</Value>
			</Script>
			<Script>
				<Type>Structure</Type>
				<Name>NOEUDS</Name>
				<Value>CREATE TABLE [NOEUDS](
					[noeId] INTEGER PRIMARY KEY AUTOINCREMENT, 
					[equipment] VARCHAR2(20), 
					[city] VARCHAR2(25), 
					[numNoe] VARCHAR2(20), 
					[pose] VARCHAR2(20), 
					[street] VARCHAR2(150), 
					[adrNum] VARCHAR2(50), 
					[adrCplt] VARCHAR2(50), 
					[capacity] INT DEFAULT 0, 
					[type] VARCHAR2(15), 
					[CAB_AMONT_KEY] INTEGER, 
					[POSONCAB] INT, 
					[CAD_BLOCKNAME] VARCHAR2(20), 
					[CAD_LAYER] VARCHAR2(20), 
					[CAD_HANDLE] VARCHAR2(12), 
					[NBLR] INT, 
					[NB_EPISSURES] INT, 
					[LRI_NAME] VARCHAR2(25), 
					[LRI_KEY] INTEGER, 
					[NOE_TYPE] VARCHAR2(5), 
					[SEC_NUM] VARCHAR2(15), 
					[ADR_CP] VARCHAR2(12), 
					[ADR_INSEE] VARCHAR2(12), 
					[ADR_PARC] VARCHAR2(15), 
					[INF_NUM] VARCHAR2(12), 
					[TRON_LNG_CARTO] DOUBLE, 
					[NOE_USAGE] VARCHAR2, 
					[INF_NATURE] VARCHAR2(12), 
					[INF_PROPRI] VARCHAR2(20), 
					[CAB_FCI_NUM] VARCHAR2(15), 
					[CAB_FCI_ZONE] VARCHAR2(10), 
					[INF_CAPNUM] CHAR, 
					[INF_MAT] VARCHAR2(10), 
					[INF_KEY] INTEGER, 
					[GEOMETRY] POINT, 
					[SEC_KEY] INTEGER, 
					[DATE_CREA] TIMESTAMP, 
					[DATE_MODIF] TIMESTAMP, 
					[GRA_CODE] VARCHAR2, 
					[GRA_TBL] VARCHAR2);

					DROP TRIGGER IF EXISTS [ggi_NOEUDS_GEOMETRY];            
					CREATE TRIGGER [ggi_NOEUDS_GEOMETRY]
					BEFORE INSERT
					ON [NOEUDS]
					FOR EACH ROW
					BEGIN
					SELECT RAISE(ROLLBACK, 'NOEUDS.GEOMETRY violates Geometry constraint [geom-type or SRID not allowed]')
					WHERE (SELECT geometry_type FROM geometry_columns
					WHERE Lower(f_table_name) = Lower('NOEUDS') AND Lower(f_geometry_column) = Lower('GEOMETRY')
					AND GeometryConstraints(NEW."GEOMETRY", geometry_type, srid) = 1) IS NULL;
					END;

					DROP TRIGGER IF EXISTS [ggu_NOEUDS_Geometry];
					CREATE TRIGGER [ggu_NOEUDS_GEOMETRY]
					BEFORE UPDATE
					ON [NOEUDS]
					FOR EACH ROW
					BEGIN
					SELECT RAISE(ROLLBACK, 'NOEUDS.GEOMETRY violates Geometry constraint [geom-type or SRID not allowed]')
					WHERE (SELECT geometry_type FROM geometry_columns
					WHERE Lower(f_table_name) = Lower('NOEUDS') AND Lower(f_geometry_column) = Lower('GEOMETRY')
					AND GeometryConstraints(NEW."GEOMETRY", geometry_type, srid) = 1) IS NULL;
					END;

					DROP TRIGGER IF EXISTS [tmu_NOEUDS_GEOMETRY];
					CREATE TRIGGER [tmu_NOEUDS_GEOMETRY]
					AFTER UPDATE
					ON [NOEUDS]
					FOR EACH ROW
					BEGIN
					UPDATE geometry_columns_time SET last_update = strftime('%Y-%m-%dT%H:%M:%fZ', 'now')
					WHERE Lower(f_table_name) = Lower('NOEUDS') AND Lower(f_geometry_column) = Lower('GEOMETRY');
					END;

					DROP TRIGGER IF EXISTS [tmi_NOEUDS_GEOMETRY];
					CREATE TRIGGER [tmi_NOEUDS_GEOMETRY]
					AFTER INSERT
					ON [NOEUDS]
					FOR EACH ROW
					BEGIN
					UPDATE geometry_columns_time SET last_insert = strftime('%Y-%m-%dT%H:%M:%fZ', 'now')
					WHERE Lower(f_table_name) = Lower('NOEUDS') AND Lower(f_geometry_column) = Lower('GEOMETRY');
					END;

					DROP TRIGGER IF EXISTS [tmd_NOEUDS_GEOMETRY];
					CREATE TRIGGER [tmd_NOEUDS_GEOMETRY]
					AFTER DELETE
					ON [NOEUDS]
					FOR EACH ROW
					BEGIN
					UPDATE geometry_columns_time SET last_delete = strftime('%Y-%m-%dT%H:%M:%fZ', 'now')
					WHERE Lower(f_table_name) = Lower('NOEUDS') AND Lower(f_geometry_column) = Lower('GEOMETRY');
					END;</Value>
			</Script>
		</Scripts>
	</Version>
	<Version>
		<Date>27/01/2018</Date>
		<State>1</State>
		<Numero>1012</Numero>
		<Commentaire>maj pour version 1.3.4.32 - import bal</Commentaire>
		<Scripts>
			<Script>
				<Type>Structure</Type>
				<Name>NOEUDS</Name>
				<Value>CREATE TABLE [NOEUDS](
					[noeId] INTEGER PRIMARY KEY AUTOINCREMENT, 
					[equipment] VARCHAR2(20), 
					[city] VARCHAR2(25), 
					[numNoe] VARCHAR2(20), 
					[pose] VARCHAR2(20), 
					[street] VARCHAR2(150), 
					[adrNum] VARCHAR2(50), 
					[adrCplt] VARCHAR2(50), 
					[capacity] INT DEFAULT 0, 
					[type] VARCHAR2(15), 
					[CAB_AMONT_KEY] INTEGER, 
					[POSONCAB] INT, 
					[CAD_BLOCKNAME] VARCHAR2(20), 
					[CAD_LAYER] VARCHAR2(20), 
					[CAD_HANDLE] VARCHAR2(12), 
					[NBLR] INT, 
					[NB_EPISSURES] INT, 
					[LRI_NAME] VARCHAR2(25), 
					[LRI_KEY] INTEGER, 
					[NOE_TYPE] VARCHAR2(5), 
					[SEC_NUM] VARCHAR2(15), 
					[ADR_CP] VARCHAR2(12), 
					[ADR_INSEE] VARCHAR2(12), 
					[ADR_PARC] VARCHAR2(15), 
					[INF_NUM] VARCHAR2(12), 
					[TRON_LNG_CARTO] DOUBLE, 
					[NOE_USAGE] VARCHAR2,
					[NOE_COMMENT] VARCHAR2(254), 
					[INF_NATURE] VARCHAR2(12), 
					[INF_PROPRI] VARCHAR2(20), 
					[CAB_FCI_NUM] VARCHAR2(15), 
					[CAB_FCI_ZONE] VARCHAR2(10), 
					[INF_CAPNUM] CHAR, 
					[INF_MAT] VARCHAR2(10), 
					[INF_KEY] INTEGER,  
					[SEC_KEY] INTEGER, 
					[DATE_CREA] TIMESTAMP, 
					[DATE_MODIF] TIMESTAMP,
					[GEOMETRY] POINT);

					DROP TRIGGER IF EXISTS [ggi_NOEUDS_GEOMETRY];            
					CREATE TRIGGER [ggi_NOEUDS_GEOMETRY]
					BEFORE INSERT
					ON [NOEUDS]
					FOR EACH ROW
					BEGIN
					SELECT RAISE(ROLLBACK, 'NOEUDS.GEOMETRY violates Geometry constraint [geom-type or SRID not allowed]')
					WHERE (SELECT geometry_type FROM geometry_columns
					WHERE Lower(f_table_name) = Lower('NOEUDS') AND Lower(f_geometry_column) = Lower('GEOMETRY')
					AND GeometryConstraints(NEW."GEOMETRY", geometry_type, srid) = 1) IS NULL;
					END;

					DROP TRIGGER IF EXISTS [ggu_NOEUDS_Geometry];
					CREATE TRIGGER [ggu_NOEUDS_GEOMETRY]
					BEFORE UPDATE
					ON [NOEUDS]
					FOR EACH ROW
					BEGIN
					SELECT RAISE(ROLLBACK, 'NOEUDS.GEOMETRY violates Geometry constraint [geom-type or SRID not allowed]')
					WHERE (SELECT geometry_type FROM geometry_columns
					WHERE Lower(f_table_name) = Lower('NOEUDS') AND Lower(f_geometry_column) = Lower('GEOMETRY')
					AND GeometryConstraints(NEW."GEOMETRY", geometry_type, srid) = 1) IS NULL;
					END;

					DROP TRIGGER IF EXISTS [tmu_NOEUDS_GEOMETRY];
					CREATE TRIGGER [tmu_NOEUDS_GEOMETRY]
					AFTER UPDATE
					ON [NOEUDS]
					FOR EACH ROW
					BEGIN
					UPDATE geometry_columns_time SET last_update = strftime('%Y-%m-%dT%H:%M:%fZ', 'now')
					WHERE Lower(f_table_name) = Lower('NOEUDS') AND Lower(f_geometry_column) = Lower('GEOMETRY');
					END;

					DROP TRIGGER IF EXISTS [tmi_NOEUDS_GEOMETRY];
					CREATE TRIGGER [tmi_NOEUDS_GEOMETRY]
					AFTER INSERT
					ON [NOEUDS]
					FOR EACH ROW
					BEGIN
					UPDATE geometry_columns_time SET last_insert = strftime('%Y-%m-%dT%H:%M:%fZ', 'now')
					WHERE Lower(f_table_name) = Lower('NOEUDS') AND Lower(f_geometry_column) = Lower('GEOMETRY');
					END;

					DROP TRIGGER IF EXISTS [tmd_NOEUDS_GEOMETRY];
					CREATE TRIGGER [tmd_NOEUDS_GEOMETRY]
					AFTER DELETE
					ON [NOEUDS]
					FOR EACH ROW
					BEGIN
					UPDATE geometry_columns_time SET last_delete = strftime('%Y-%m-%dT%H:%M:%fZ', 'now')
					WHERE Lower(f_table_name) = Lower('NOEUDS') AND Lower(f_geometry_column) = Lower('GEOMETRY');
					END;</Value>
			</Script>
		</Scripts>
	</Version>
	<Version>
		<Date>14/01/2018</Date>
		<State>1</State>
		<Numero>1011</Numero>
		<Commentaire>maj pour version 1.3.4.26 - import grace</Commentaire>
		<Scripts>
			<Script>
				<Type>Structure</Type>
				<Name>NOEUDS</Name>
				<Value>CREATE TABLE [NOEUDS](
					[noeId] INTEGER PRIMARY KEY AUTOINCREMENT, 
					[equipment] VARCHAR2(20), 
					[city] VARCHAR2(25), 
					[numNoe] VARCHAR2(20), 
					[pose] VARCHAR2(20), 
					[street] VARCHAR2(150), 
					[adrNum] VARCHAR2(50), 
					[adrCplt] VARCHAR2(50), 
					[capacity] INT DEFAULT 0, 
					[type] VARCHAR2(15), 
					[CAB_AMONT_KEY] INTEGER, 
					[POSONCAB] INT, 
					[CAD_BLOCKNAME] VARCHAR2(20), 
					[CAD_LAYER] VARCHAR2(20), 
					[CAD_HANDLE] VARCHAR2(12), 
					[NBLR] INT, 
					[NB_EPISSURES] INT, 
					[LRI_NAME] VARCHAR2(25), 
					[NOE_TYPE] VARCHAR2(5), 
					[SEC_NUM] VARCHAR2(15), 
					[ADR_CP] VARCHAR2(12), 
					[ADR_INSEE] VARCHAR2(12), 
					[ADR_PARC] VARCHAR2(15), 
					[INF_NUM] VARCHAR2(12), 
					[TRON_LNG_CARTO] DOUBLE, 
					[NOE_USAGE] VARCHAR2, 
					[INF_NATURE] VARCHAR2(12), 
					[INF_PROPRI] VARCHAR2(20), 
					[CAB_FCI_NUM] VARCHAR2(15), 
					[CAB_FCI_ZONE] VARCHAR2(10), 
					[INF_CAPNUM] CHAR, 
					[INF_MAT] VARCHAR2(10), 
					[INF_KEY] INTEGER, 
					[GEOMETRY] POINT, 
					[SEC_KEY] INTEGER, 
					[DATE_CREA] INTEGER, 
					[DATE_MODIF] INTEGER, 
					[GRA_CODE] VARCHAR2, 
					[GRA_TBL] VARCHAR2);

					DROP TRIGGER IF EXISTS [ggi_NOEUDS_GEOMETRY];            
					CREATE TRIGGER [ggi_NOEUDS_GEOMETRY]
					BEFORE INSERT
					ON [NOEUDS]
					FOR EACH ROW
					BEGIN
					SELECT RAISE(ROLLBACK, 'NOEUDS.GEOMETRY violates Geometry constraint [geom-type or SRID not allowed]')
					WHERE (SELECT geometry_type FROM geometry_columns
					WHERE Lower(f_table_name) = Lower('NOEUDS') AND Lower(f_geometry_column) = Lower('GEOMETRY')
					AND GeometryConstraints(NEW."GEOMETRY", geometry_type, srid) = 1) IS NULL;
					END;

					DROP TRIGGER IF EXISTS [ggu_NOEUDS_Geometry];
					CREATE TRIGGER [ggu_NOEUDS_GEOMETRY]
					BEFORE UPDATE
					ON [NOEUDS]
					FOR EACH ROW
					BEGIN
					SELECT RAISE(ROLLBACK, 'NOEUDS.GEOMETRY violates Geometry constraint [geom-type or SRID not allowed]')
					WHERE (SELECT geometry_type FROM geometry_columns
					WHERE Lower(f_table_name) = Lower('NOEUDS') AND Lower(f_geometry_column) = Lower('GEOMETRY')
					AND GeometryConstraints(NEW."GEOMETRY", geometry_type, srid) = 1) IS NULL;
					END;

					DROP TRIGGER IF EXISTS [tmu_NOEUDS_GEOMETRY];
					CREATE TRIGGER [tmu_NOEUDS_GEOMETRY]
					AFTER UPDATE
					ON [NOEUDS]
					FOR EACH ROW
					BEGIN
					UPDATE geometry_columns_time SET last_update = strftime('%Y-%m-%dT%H:%M:%fZ', 'now')
					WHERE Lower(f_table_name) = Lower('NOEUDS') AND Lower(f_geometry_column) = Lower('GEOMETRY');
					END;

					DROP TRIGGER IF EXISTS [tmi_NOEUDS_GEOMETRY];
					CREATE TRIGGER [tmi_NOEUDS_GEOMETRY]
					AFTER INSERT
					ON [NOEUDS]
					FOR EACH ROW
					BEGIN
					UPDATE geometry_columns_time SET last_insert = strftime('%Y-%m-%dT%H:%M:%fZ', 'now')
					WHERE Lower(f_table_name) = Lower('NOEUDS') AND Lower(f_geometry_column) = Lower('GEOMETRY');
					END;

					DROP TRIGGER IF EXISTS [tmd_NOEUDS_GEOMETRY];
					CREATE TRIGGER [tmd_NOEUDS_GEOMETRY]
					AFTER DELETE
					ON [NOEUDS]
					FOR EACH ROW
					BEGIN
					UPDATE geometry_columns_time SET last_delete = strftime('%Y-%m-%dT%H:%M:%fZ', 'now')
					WHERE Lower(f_table_name) = Lower('NOEUDS') AND Lower(f_geometry_column) = Lower('GEOMETRY');
					END;
				</Value>
			</Script>
			<Script>
				<Type>Structure</Type>
				<Name>T_PROJET</Name>
				<Value>CREATE TABLE [T_PROJET](
					[PRJ_ID] INTEGER PRIMARY KEY AUTOINCREMENT, 
					[PRJ_LIB] VARCHAR2(25));
				</Value>
			</Script>
			<Script>
				<Type>Structure</Type>
				<Name>T_SECTEUR</Name>
				<Value>CREATE TABLE [T_SECTEUR](
					[SEC_ID] INTEGER PRIMARY KEY AUTOINCREMENT, 
					[SEC_LIB] VARCHAR2(25), 
					[ZON_KEY] INTEGER REFERENCES [T_ZONE]([ZON_ID]));
				</Value>
			</Script>
			<Script>
				<Type>Structure</Type>
				<Name>T_ZONE</Name>
				<Value>CREATE TABLE [T_ZONE](
					[ZON_ID] INTEGER PRIMARY KEY AUTOINCREMENT, 
					[ZON_LIB] VARCHAR2(25), 
					[PRJ_KEY] INTEGER REFERENCES [T_PROJET]([PRJ_ID]));</Value>
				<Level>1</Level>
			</Script>
		</Scripts>
	</Version>
	<Version>
		<Date>16/11/2017</Date>
		<State>1</State>
		<Numero>1010</Numero>
		<Commentaire>MaJ pour integration NetGeo avec Infra intégration de la modif de Carl)</Commentaire>
		<Scripts>
			<Script>
				<Type>Structure</Type>
				<Name>NOEUDS</Name>
				<Value>
					CREATE TABLE [NOEUDS] (
					[noeId] INTEGER PRIMARY KEY AUTOINCREMENT,
					[equipment] VARCHAR2(20),
					[city] VARCHAR2(25),
					[numNoe] VARCHAR2(20),
					[pose] VARCHAR2(20),
					[street] VARCHAR2(150),
					[adrNum] VARCHAR2(50),
					[adrCplt] VARCHAR2(50),
					[capacity] INT DEFAULT 0,
					[type] VARCHAR2(15),
					[CAB_AMONT_KEY] INTEGER,
					[POSONCAB] INT,
					[CAD_BLOCKNAME] VARCHAR2(20),
					[CAD_LAYER] VARCHAR2(20),
					[CAD_HANDLE] VARCHAR2(12),
					[NBLR] INT,
					[NB_EPISSURES] INT,
					[LRI_NAME] VARCHAR2(25),
					[NOE_TYPE] VARCHAR2(5),
					[SEC_NUM] VARCHAR2(15),
					[ADR_CP] VARCHAR2(12),
					[ADR_INSEE] VARCHAR2(12),
					[ADR_PARC] VARCHAR2(15),
					[INF_NUM] VARCHAR2(12),
					[TRON_LNG_CARTO] DOUBLE,
					[NOE_USAGE] VARCHAR2,
					[INF_NATURE] VARCHAR2(12),
					[INF_PROPRI] VARCHAR2(20),
					[CAB_FCI_NUM] VARCHAR2(15),
					[CAB_FCI_ZONE] VARCHAR2(10),
					[INF_CAPNUM] CHAR,
					[INF_MAT] VARCHAR2(10),
					[INF_KEY] INTEGER,
					[GEOMETRY] POINT);

					DROP TRIGGER IF EXISTS [ggi_NOEUDS_GEOMETRY];            
					CREATE TRIGGER [ggi_NOEUDS_GEOMETRY]
					BEFORE INSERT
					ON [NOEUDS]
					FOR EACH ROW
					BEGIN
					SELECT RAISE(ROLLBACK, 'NOEUDS.GEOMETRY violates Geometry constraint [geom-type or SRID not allowed]')
					WHERE (SELECT geometry_type FROM geometry_columns
					WHERE Lower(f_table_name) = Lower('NOEUDS') AND Lower(f_geometry_column) = Lower('GEOMETRY')
					AND GeometryConstraints(NEW."GEOMETRY", geometry_type, srid) = 1) IS NULL;
					END;

					DROP TRIGGER IF EXISTS [ggu_NOEUDS_Geometry];
					CREATE TRIGGER [ggu_NOEUDS_GEOMETRY]
					BEFORE UPDATE
					ON [NOEUDS]
					FOR EACH ROW
					BEGIN
					SELECT RAISE(ROLLBACK, 'NOEUDS.GEOMETRY violates Geometry constraint [geom-type or SRID not allowed]')
					WHERE (SELECT geometry_type FROM geometry_columns
					WHERE Lower(f_table_name) = Lower('NOEUDS') AND Lower(f_geometry_column) = Lower('GEOMETRY')
					AND GeometryConstraints(NEW."GEOMETRY", geometry_type, srid) = 1) IS NULL;
					END;

					DROP TRIGGER IF EXISTS [tmu_NOEUDS_GEOMETRY];
					CREATE TRIGGER [tmu_NOEUDS_GEOMETRY]
					AFTER UPDATE
					ON [NOEUDS]
					FOR EACH ROW
					BEGIN
					UPDATE geometry_columns_time SET last_update = strftime('%Y-%m-%dT%H:%M:%fZ', 'now')
					WHERE Lower(f_table_name) = Lower('NOEUDS') AND Lower(f_geometry_column) = Lower('GEOMETRY');
					END;

					DROP TRIGGER IF EXISTS [tmi_NOEUDS_GEOMETRY];
					CREATE TRIGGER [tmi_NOEUDS_GEOMETRY]
					AFTER INSERT
					ON [NOEUDS]
					FOR EACH ROW
					BEGIN
					UPDATE geometry_columns_time SET last_insert = strftime('%Y-%m-%dT%H:%M:%fZ', 'now')
					WHERE Lower(f_table_name) = Lower('NOEUDS') AND Lower(f_geometry_column) = Lower('GEOMETRY');
					END;

					DROP TRIGGER IF EXISTS [tmd_NOEUDS_GEOMETRY];
					CREATE TRIGGER [tmd_NOEUDS_GEOMETRY]
					AFTER DELETE
					ON [NOEUDS]
					FOR EACH ROW
					BEGIN
					UPDATE geometry_columns_time SET last_delete = strftime('%Y-%m-%dT%H:%M:%fZ', 'now')
					WHERE Lower(f_table_name) = Lower('NOEUDS') AND Lower(f_geometry_column) = Lower('GEOMETRY');
					END;
				</Value>
				<Level>1</Level>
			</Script>
			<Script>
				<Type>Structure</Type>
				<Name>INFRA_CABTRON</Name>
				<Value>
					CREATE TABLE [INFRA_CABTRON] (
					[CAB_KEY] INTEGER,
					[INF_TRACE_KEY] INTEGER,
					[TRON_NUM] INTEGER,
					CONSTRAINT [] PRIMARY KEY ([CAB_KEY], [INF_TRACE_KEY]));
				</Value>
				<Level>1</Level>
			</Script>
			<Script>
				<Type>Structure</Type>
				<Name>INFRA_PONCTUEL</Name>
				<Value>
					CREATE TABLE [INFRA_PONCTUEL] (
					[INF_ID] INTEGER PRIMARY KEY AUTOINCREMENT,
					[TYPE_KEY] INTEGER,
					[ADR_KEY] INTEGER,
					[INF_NUM] CHAR,
					[INF_PROPRIO] CHAR,
					[MAT_KEY] INTEGER,
					[INF_CAPNUM] CHAR,
					[INF_NATURE] CHAR,
					[INF_COMMENT] CHAR,
					[DATE_CREA] INTEGER,
					[DATE_MODIF] INTEGER,
					[GEOMETRY] POINT NOT NULL DEFAULT '',
					[CAD_LAYER] CHAR);
					SELECT AddGeometryColumn('INFRA_PONCTUEL', 'GEOMETRY',  2154, 'POINT', 'XY', 1);
				</Value>
				<Level>1</Level>
			</Script>
			<Script>
				<Type>Structure</Type>
				<Name>INFRA_TRACE</Name>
				<Value>
					CREATE TABLE [INFRA_TRACE] (
					[TRACE_ID] INTEGER PRIMARY KEY AUTOINCREMENT,
					[PONC1_KEY] INTEGER,
					[PONC2_KEY] INTEGER,
					[INF_TYPE_KEY] INTEGER,
					[COMMENT] CHAR,
					[GEOMETRY] LINESTRING NOT NULL DEFAULT '',
					[longueur] FLOAT,
					[CAD_LAYER] CHAR);
					SELECT AddGeometryColumn('INFRA_TRACE', 'GEOMETRY',  2154, 'LINESTRING', 'XY', 1);
				</Value>
				<Level>1</Level>
			</Script>
			<Script>
				<Type>Structure</Type>
				<Name>COMMENTS</Name>
				<Value>
					CREATE TABLE [COMMENTS] (
					[COMMENT_ID] INTEGER PRIMARY KEY AUTOINCREMENT,
					[ENT_KEY] CHAR,
					[ENT_TYPE] CHAR,
					[COMMENT] CHAR,
					[COMMENT_TYPE] CHAR,
					[DATE_CREA] INTEGER,
					[DATE_MODIF] INTEGER);
				</Value>
				<Level>1</Level>
			</Script>
		</Scripts>
	</Version>
	<Version>
		<Date>05/11/2017</Date>
		<State>1</State>
		<Numero>1009</Numero>
		<Commentaire>mis en place tables temporaires Syno</Commentaire>
		<Scripts>
			<Script>
				<Type>Structure</Type>
				<Name>TEMP_SYNO_POLYGON</Name>
				<Value>CREATE TABLE [TEMP_SYNO_POLYGON](
					[ENT_KEY] INTEGER, 
					[TYPE_KEY] INTEGER);

					SELECT AddGeometryColumn('TEMP_SYNO_POLYGON', 'GEOMETRY',
					2154, 'POLYGON', 'XY', 0);
				</Value>
				<Level>1</Level>
			</Script>
			<Script>
				<Type>Structure</Type>
				<Name>TEMP_SYNO_POINT</Name>
				<Value>CREATE TABLE [TEMP_SYNO_POINT](
					[ENT_KEY] INTEGER, 
					[TYPE_KEY] INTEGER);

					SELECT AddGeometryColumn('TEMP_SYNO_POINT', 'GEOMETRY',
					2154, 'POINT', 'XY', 0);
				</Value>
				<Level>1</Level>
			</Script>
			<Script>
				<Type>Structure</Type>
				<Name>TEMP_SYNO_LINE</Name>
				<Value>CREATE TABLE TEMP_SYNO_LINE(
					[ENT_KEY] INTEGER, 
					[TYPE_KEY] INTEGER);

					SELECT AddGeometryColumn('TEMP_SYNO_LINE', 'GEOMETRY',
					2154, 'LINESTRING', 'XY', 0);</Value>
				<Level>1</Level>
			</Script>
		</Scripts>
	</Version>
	<Version>
		<Date>24/05/2016</Date>
		<State>1</State>
		<Numero>1008</Numero>
		<Commentaire/>
		<Scripts>
			<Script>
				<Type>Structure</Type>
				<Name>NOEUDS</Name>
				<Value>CREATE TABLE [NOEUDS] (
					[noeId] INTEGER PRIMARY KEY AUTOINCREMENT, 
					[equipment] VARCHAR2(20), 
					[numNoe] VARCHAR2(20), 
					[pose] VARCHAR2(20), 
					[capacity] INT DEFAULT 0, 
					[type] VARCHAR2(15), 
					[NOE_USAGE] VARCHAR2, 
					[CAB_AMONT_KEY] INTEGER, 
					[POSONCAB] INT, 
					[CAD_BLOCKNAME] VARCHAR2(20), 
					[CAD_LAYER] VARCHAR2(20), 
					[CAD_HANDLE] VARCHAR2(12), 
					[NBLR] INT, 
					[NB_EPISSURES] INT, 
					[NOE_TYPE] VARCHAR2(5), 
					[SEC_NUM] VARCHAR2(15), 
					[TRON_LNG_CARTO] DOUBLE, 
					[INF_NUM] VARCHAR2(12), 
					[INF_NATURE] VARCHAR2(12), 
					[INF_PROPRI] VARCHAR2(20), 
					[INF_MAT] VARCHAR2(10), 
					[INF_CAPNUM] CHAR, 
					[CAB_FCI_NUM] VARCHAR2(15), 
					[CAB_FCI_ZONE] VARCHAR2(10), 
					[LRI_NAME] VARCHAR2(25), 
					[city] VARCHAR2(25), 
					[street] VARCHAR2(150), 
					[adrNum] VARCHAR2(50), 
					[adrCplt] VARCHAR2(50), 
					[ADR_PARC] VARCHAR2(15), 
					[ADR_INSEE] VARCHAR2(12), 
					[ADR_CP] VARCHAR2(12), 
					[ADR_USERKEY] CHAR, 
					[NOE_STATUT] CHAR,
					[GEOMETRY] POINT);

					DROP TRIGGER IF EXISTS [ggi_NOEUDS_Geometry];
					CREATE TRIGGER [ggi_NOEUDS_Geometry]
					BEFORE INSERT
					ON [NOEUDS]
					FOR EACH ROW
					BEGIN
					SELECT RAISE(ROLLBACK, 'NOEUDS.Geometry violates Geometry constraint [geom-type or SRID not allowed]')
					WHERE (SELECT geometry_type FROM geometry_columns
					WHERE Lower(f_table_name) = Lower('NOEUDS') AND Lower(f_geometry_column) = Lower('Geometry')
					AND GeometryConstraints(NEW."Geometry", geometry_type, srid) = 1) IS NULL;
					END;
					DROP TRIGGER IF EXISTS [ggu_NOEUDS_Geometry];
					CREATE TRIGGER [ggu_NOEUDS_Geometry]
					BEFORE UPDATE
					ON [NOEUDS]
					FOR EACH ROW
					BEGIN
					SELECT RAISE(ROLLBACK, 'NOEUDS.Geometry violates Geometry constraint [geom-type or SRID not allowed]')
					WHERE (SELECT geometry_type FROM geometry_columns
					WHERE Lower(f_table_name) = Lower('NOEUDS') AND Lower(f_geometry_column) = Lower('Geometry')
					AND GeometryConstraints(NEW."Geometry", geometry_type, srid) = 1) IS NULL;
					END;
					DROP TRIGGER IF EXISTS [gii_NOEUDS_Geometry];
					CREATE TRIGGER [gii_NOEUDS_Geometry]
					AFTER INSERT
					ON [NOEUDS]
					FOR EACH ROW
					BEGIN
					UPDATE geometry_columns_time SET last_insert = strftime('%Y-%m-%dT%H:%M:%fZ', 'now')
					WHERE Lower(f_table_name) = Lower('NOEUDS') AND Lower(f_geometry_column) = Lower('Geometry');
					DELETE FROM "idx_NOEUDS_Geometry" WHERE pkid=NEW.ROWID;
					SELECT RTreeAlign('idx_NOEUDS_Geometry', NEW.ROWID, NEW."Geometry");
					END;
					DROP TRIGGER IF EXISTS [giu_NOEUDS_Geometry];
					CREATE TRIGGER [giu_NOEUDS_Geometry]
					AFTER UPDATE
					ON [NOEUDS]
					FOR EACH ROW
					BEGIN
					UPDATE geometry_columns_time SET last_update = strftime('%Y-%m-%dT%H:%M:%fZ', 'now')
					WHERE Lower(f_table_name) = Lower('NOEUDS') AND Lower(f_geometry_column) = Lower('Geometry');
					DELETE FROM "idx_NOEUDS_Geometry" WHERE pkid=NEW.ROWID;
					SELECT RTreeAlign('idx_NOEUDS_Geometry', NEW.ROWID, NEW."Geometry");
					END;
					DROP TRIGGER IF EXISTS [gid_NOEUDS_Geometry];
					CREATE TRIGGER [gid_NOEUDS_Geometry]
					AFTER DELETE
					ON [NOEUDS]
					FOR EACH ROW
					BEGIN
					UPDATE geometry_columns_time SET last_delete = strftime('%Y-%m-%dT%H:%M:%fZ', 'now')
					WHERE Lower(f_table_name) = Lower('NOEUDS') AND Lower(f_geometry_column) = Lower('Geometry');
					DELETE FROM "idx_NOEUDS_Geometry" WHERE pkid=OLD.ROWID;
					END;

				</Value>
				<Level>1</Level>
			</Script>
		</Scripts>
	</Version>
	<Version>
		<Date>20/05/2016</Date>
		<State>1</State>
		<Numero>1007</Numero>
		<Commentaire/>
		<Scripts>
			<Script>
				<Type>Structure</Type>
				<Name>LIENS_CABFIB</Name>
				<Value>CREATE TABLE [LIENS_CABFIB] (
					[CAB1_KEY] INTEGER, 
					[CAB1_FIBNUM] INT, 
					[SENS] INT, 
					[CONNECTOR] VARCHAR2(5), 
					[PORT] INT, 
					[NOE_KEY] INTEGER, 
					[CAB2_KEY] INTEGER, 
					[CAB2_FIBNUM] INT, 
					[K7] VARCHAR2(10), 
					[RACK] VARCHAR2(10), 
					[BAIE] VARCHAR2(10), 
					[PLATEAU] VARCHAR2(10));</Value>
				<Level>1</Level>
			</Script>
		</Scripts>
	</Version>
	<Version>
		<Date>31/03/2016</Date>
		<State>1</State>
		<Numero>1006</Numero>
		<Commentaire/>
		<Scripts>
			<Script>
				<Type>Structure</Type>
				<Name>L_DIST_BETWEEN_NOE</Name>
				<Value>CREATE TABLE [L_DIST_BETWEEN_NOE] (
					[NOE1_KEY] INTEGER, 
					[NOE2_KEY] INTEGER, 
					[LNG_CAB_CUMUL] DOUBLE, 
					CONSTRAINT [] PRIMARY KEY ([NOE1_KEY], [NOE2_KEY]));
				</Value>
				<Level>1</Level>
			</Script>
			<Script>
				<Type>Structure</Type>
				<Name>FAISCEAUX</Name>
				<Value>CREATE TABLE [FAISCEAUX] (
					[C_FAI] CHAR(7), 
					[C_SITE] CHAR(7), 
					[C_NRO] CHAR(7), 
					[C_SRO] CHAR(7), 
					[LONGUEUR] FLOAT, 
					[LONG_SRO] FLOAT, 
					[L_NROSRO] FLOAT, 
					[INSEE] CHAR(5), 
					[ID] INTEGER, LINESTRING);

					SELECT PARAM_VALUE, AddGeometryColumn('FAISCEAUX', 'GEOMETRY',
					cast([PARAM_VALUE] as integer), 'LINESTRING', 'XY', 0) FROM SYS_PARAMETRES where param_lib='BASE_SRID'; 
				</Value>
				<Level>1</Level>
			</Script>
		</Scripts>
	</Version>
	<Version>
		<Date>09/03/2016</Date>
		<State>1</State>
		<Numero>1005</Numero>
		<Commentaire/>
		<Scripts>
			<Script>
				<Type>Structure</Type>
				<Name>LIENS_CABFIB</Name>
				<Value>CREATE TABLE [LIENS_CABFIB] (
					[CAB1_KEY] INTEGER, 
					[CAB1_FIBNUM] INT, 
					[SENS] INT, 
					[CONNECTOR] VARCHAR2(5), 
					[PORT] INT, 
					[NOE_KEY] INTEGER, 
					[CAB2_KEY] INTEGER, 
					[CAB2_FIBNUM] INT, 
					[K7] VARCHAR2(10), 
					[RACK] VARCHAR2(10), 
					[BAIE] VARCHAR2(10), 
					[PLATEAU] VARCHAR2(10));

				</Value>
				<Level>1</Level>
			</Script>
		</Scripts>
	</Version>
	<Version>
		<Date>11/01/2016</Date>
		<State>1</State>
		<Numero>1004</Numero>
		<Commentaire/>
		<Scripts>
			<Script>
				<Type>Données</Type>
				<Name>nettoyage</Name>
				<Value>delete from geometry_columns where upper(f_table_name) not in (SELECT upper(name) FROM sqlite_master WHERE type='table');</Value>
				<Level>1</Level>
			</Script>
		</Scripts>
	</Version>
	<Version>
		<Date>11/01/2016</Date>
		<State>1</State>
		<Numero>1003</Numero>
		<Commentaire>Maj pour fibertools saisie rack et baie</Commentaire>
		<Scripts>
			<Script>
				<Type>Structure</Type>
				<Name>LIENS_CABFIB</Name>
				<Value>CREATE TABLE [LIENS_CABFIB] (
					[CAB1_KEY] INTEGER, 
					[CAB1_FIBNUM] INT, 
					[SENS] INT, 
					[CONNECTOR] VARCHAR2(5), 
					[PORT] INT, 
					[NOE_KEY] INTEGER, 
					[CAB2_KEY] INTEGER, 
					[CAB2_FIBNUM] INT, 
					[K7] VARCHAR2(10), 
					[RACK] VARCHAR2(10), 
					[BAIE] VARCHAR2(10));

				</Value>
				<Level>1</Level>
			</Script>
		</Scripts>
	</Version>
	<Version>
		<Date>14/12/2015</Date>
		<State>1</State>
		<Numero>1002</Numero>
		<Commentaire>Maj pour import NetGeo</Commentaire>
		<Scripts>
			<Script>
				<Type>Structure</Type>
				<Name>NOEUDS</Name>
				<Value>
					CREATE TABLE [NOEUDS] (
					[noeId] INTEGER PRIMARY KEY AUTOINCREMENT, 
					[equipment] VARCHAR2(20), 
					[city] VARCHAR2(25), 
					[numNoe] VARCHAR2(20), 
					[pose] VARCHAR2(20), 
					[street] VARCHAR2(150), 
					[adrNum] VARCHAR2(50), 
					[adrCplt] VARCHAR2(50), 
					[capacity] INT DEFAULT 0, 
					[type] VARCHAR2(15), 
					[CAB_AMONT_KEY] INTEGER, 
					[POSONCAB] INT, 
					[CAD_BLOCKNAME] VARCHAR2(20), 
					[CAD_LAYER] VARCHAR2(20), 
					[CAD_HANDLE] VARCHAR2(12), 
					[NBLR] INT, 
					[NB_EPISSURES] INT, 
					[LRI_NAME] VARCHAR2(25), 
					[NOE_TYPE] VARCHAR2(5), 
					[SEC_NUM] VARCHAR2(15), 
					[ADR_CP] VARCHAR2(12), 
					[ADR_INSEE] VARCHAR2(12), 
					[ADR_PARC] VARCHAR2(15), 
					[INF_NUM] VARCHAR2(12), 
					[TRON_LNG_CARTO] DOUBLE, 
					[NOE_USAGE] VARCHAR2, 
					[INF_NATURE] VARCHAR2(12), 
					[INF_PROPRI] VARCHAR2(20), 
					[CAB_FCI_NUM] VARCHAR2(15), 
					[CAB_FCI_ZONE] VARCHAR2(10), 
					[INF_CAPNUM] CHAR, 
					[INF_MAT] VARCHAR2(10),
					[GEOMETRY] POINT);
				</Value>
				<Level>1</Level>
			</Script>
			<Script>
				<Type>Trigger</Type>
				<Name>TRIGGER NOEUDS FBTA</Name>
				<Value>

					DROP TRIGGER IF EXISTS [ggi_NOEUDS_Geometry];
					CREATE TRIGGER [ggi_NOEUDS_Geometry]
					BEFORE INSERT
					ON [NOEUDS]
					FOR EACH ROW
					BEGIN
					SELECT RAISE(ROLLBACK, 'NOEUDS.Geometry violates Geometry constraint [geom-type or SRID not allowed]')
					WHERE (SELECT geometry_type FROM geometry_columns
					WHERE Lower(f_table_name) = Lower('NOEUDS') AND Lower(f_geometry_column) = Lower('Geometry')
					AND GeometryConstraints(NEW."Geometry", geometry_type, srid) = 1) IS NULL;
					END;

					DROP TRIGGER IF EXISTS [ggu_NOEUDS_Geometry];
					CREATE TRIGGER [ggu_NOEUDS_Geometry]
					BEFORE UPDATE
					ON [NOEUDS]
					FOR EACH ROW
					BEGIN
					SELECT RAISE(ROLLBACK, 'NOEUDS.Geometry violates Geometry constraint [geom-type or SRID not allowed]')
					WHERE (SELECT geometry_type FROM geometry_columns
					WHERE Lower(f_table_name) = Lower('NOEUDS') AND Lower(f_geometry_column) = Lower('Geometry')
					AND GeometryConstraints(NEW."Geometry", geometry_type, srid) = 1) IS NULL;
					END;

					DROP TRIGGER IF EXISTS [gii_NOEUDS_Geometry];
					CREATE TRIGGER [gii_NOEUDS_Geometry]
					AFTER INSERT
					ON [NOEUDS]
					FOR EACH ROW
					BEGIN
					UPDATE geometry_columns_time SET last_insert = strftime('%Y-%m-%dT%H:%M:%fZ', 'now')
					WHERE Lower(f_table_name) = Lower('NOEUDS') AND Lower(f_geometry_column) = Lower('Geometry');
					DELETE FROM "idx_NOEUDS_Geometry" WHERE pkid=NEW.ROWID;
					SELECT RTreeAlign('idx_NOEUDS_Geometry', NEW.ROWID, NEW."Geometry");
					END;

					DROP TRIGGER IF EXISTS [giu_NOEUDS_Geometry];
					CREATE TRIGGER [giu_NOEUDS_Geometry]
					AFTER UPDATE
					ON [NOEUDS]
					FOR EACH ROW
					BEGIN
					UPDATE geometry_columns_time SET last_update = strftime('%Y-%m-%dT%H:%M:%fZ', 'now')
					WHERE Lower(f_table_name) = Lower('NOEUDS') AND Lower(f_geometry_column) = Lower('Geometry');
					DELETE FROM "idx_NOEUDS_Geometry" WHERE pkid=NEW.ROWID;
					SELECT RTreeAlign('idx_NOEUDS_Geometry', NEW.ROWID, NEW."Geometry");
					END;

					DROP TRIGGER IF EXISTS [gid_NOEUDS_Geometry];
					CREATE TRIGGER [gid_NOEUDS_Geometry]
					AFTER DELETE
					ON [NOEUDS]
					FOR EACH ROW
					BEGIN
					UPDATE geometry_columns_time SET last_delete = strftime('%Y-%m-%dT%H:%M:%fZ', 'now')
					WHERE Lower(f_table_name) = Lower('NOEUDS') AND Lower(f_geometry_column) = Lower('Geometry');
					DELETE FROM "idx_NOEUDS_Geometry" WHERE pkid=OLD.ROWID;
					END;</Value>
				<Level>1</Level>
			</Script>
		</Scripts>
	</Version>
	<Version>
		<Date>21/10/2015</Date>
		<State>1</State>
		<Numero>1001</Numero>
		<Commentaire>Maj pour import NetGeo</Commentaire>
		<Scripts>
			<Script>
				<Type>Structure</Type>
				<Name>NOEUDS</Name>
				<Value>CREATE TABLE [NOEUDS] (
					[noeId] INTEGER PRIMARY KEY AUTOINCREMENT, 
					[equipment] VARCHAR2(20), 
					[city] VARCHAR2(25), 
					[numNoe] VARCHAR2(20), 
					[pose] VARCHAR2(20), 
					[street] VARCHAR2(150), 
					[adrNum] VARCHAR2(50), 
					[adrCplt] VARCHAR2(50), 
					[capacity] INT DEFAULT 0, 
					[type] VARCHAR2(15), 
					[CAB_AMONT_KEY] INTEGER, 
					[POSONCAB] INT, 
					[Geometry] POINT, 
					[CAD_BLOCKNAME] VARCHAR2(20), 
					[CAD_LAYER] VARCHAR2(20), 
					[CAD_HANDLE] VARCHAR2(12), 
					[NBLR] INT, 
					[NB_EPISSURES] INT, 
					[LRI_NAME] VARCHAR2(25), 
					[NOE_TYPE] VARCHAR2(5), 
					[SEC_NUM] VARCHAR2(15), 
					[ADR_CP] VARCHAR2(12), 
					[ADR_INSEE] VARCHAR2(12), 
					[ADR_PARC] VARCHAR2(15), 
					[INF_NUM] VARCHAR2(12), 
					[TRON_LNG_CARTO] DOUBLE, 
					[NOE_USAGE] VARCHAR2, 
					[INF_NATURE] VARCHAR2(12), 
					[INF_PROPRI] VARCHAR2(20), 
					[CAB_FCI_NUM] VARCHAR2(15), 
					[CAB_FCI_ZONE] VARCHAR2(10), 
					[INF_CAPNUM] CHAR);
					DROP TRIGGER [ggi_NOEUDS_Geometry];
					CREATE TRIGGER [ggi_NOEUDS_Geometry]
					BEFORE INSERT
					ON [NOEUDS]
					FOR EACH ROW
					BEGIN
					SELECT RAISE(ROLLBACK, 'NOEUDS.Geometry violates Geometry constraint [geom-type or SRID not allowed]')
					WHERE (SELECT geometry_type FROM geometry_columns
					WHERE Lower(f_table_name) = Lower('NOEUDS') AND Lower(f_geometry_column) = Lower('Geometry')
					AND GeometryConstraints(NEW."Geometry", geometry_type, srid) = 1) IS NULL;
					END;
					DROP TRIGGER [ggu_NOEUDS_Geometry];
					CREATE TRIGGER [ggu_NOEUDS_Geometry]
					BEFORE UPDATE
					ON [NOEUDS]
					FOR EACH ROW
					BEGIN
					SELECT RAISE(ROLLBACK, 'NOEUDS.Geometry violates Geometry constraint [geom-type or SRID not allowed]')
					WHERE (SELECT geometry_type FROM geometry_columns
					WHERE Lower(f_table_name) = Lower('NOEUDS') AND Lower(f_geometry_column) = Lower('Geometry')
					AND GeometryConstraints(NEW."Geometry", geometry_type, srid) = 1) IS NULL;
					END;
					DROP TRIGGER [gii_NOEUDS_Geometry];
					CREATE TRIGGER [gii_NOEUDS_Geometry]
					AFTER INSERT
					ON [NOEUDS]
					FOR EACH ROW
					BEGIN
					UPDATE geometry_columns_time SET last_insert = strftime('%Y-%m-%dT%H:%M:%fZ', 'now')
					WHERE Lower(f_table_name) = Lower('NOEUDS') AND Lower(f_geometry_column) = Lower('Geometry');
					DELETE FROM "idx_NOEUDS_Geometry" WHERE pkid=NEW.ROWID;
					SELECT RTreeAlign('idx_NOEUDS_Geometry', NEW.ROWID, NEW."Geometry");
					END;
					DROP TRIGGER [giu_NOEUDS_Geometry];
					CREATE TRIGGER [giu_NOEUDS_Geometry]
					AFTER UPDATE
					ON [NOEUDS]
					FOR EACH ROW
					BEGIN
					UPDATE geometry_columns_time SET last_update = strftime('%Y-%m-%dT%H:%M:%fZ', 'now')
					WHERE Lower(f_table_name) = Lower('NOEUDS') AND Lower(f_geometry_column) = Lower('Geometry');
					DELETE FROM "idx_NOEUDS_Geometry" WHERE pkid=NEW.ROWID;
					SELECT RTreeAlign('idx_NOEUDS_Geometry', NEW.ROWID, NEW."Geometry");
					END;
					DROP TRIGGER [gid_NOEUDS_Geometry];
					CREATE TRIGGER [gid_NOEUDS_Geometry]
					AFTER DELETE
					ON [NOEUDS]
					FOR EACH ROW
					BEGIN
					UPDATE geometry_columns_time SET last_delete = strftime('%Y-%m-%dT%H:%M:%fZ', 'now')
					WHERE Lower(f_table_name) = Lower('NOEUDS') AND Lower(f_geometry_column) = Lower('Geometry');
					DELETE FROM "idx_NOEUDS_Geometry" WHERE pkid=OLD.ROWID;
					END;

				</Value>
				<Level>1</Level>
			</Script>
		</Scripts>
	</Version>
	<Version>
		<Date>21/09/2015</Date>
		<State>0</State>
		<Numero>1001</Numero>
		<Commentaire>Maj pour FOA Explorer</Commentaire>
		<Scripts>
			<Script>
				<Type>Structure</Type>
				<Name>PRJ_CHB_ALVEOLE</Name>
				<Value>CREATE TABLE [PRJ_CHB_ALVEOLE] (
					[CHB_KEY] INTEGER, 
					[ALV_ID] INTEGER PRIMARY KEY AUTOINCREMENT, 
					[MASK_LIB] VARCHAR2(3), 
					[MASK_POSITION] INT, 
					[ALV_NUM] INT, 
					[ALV_DIAM] DOUBLE, 
					[ALV_OCCUP] DOUBLE, 
					[ALV_DEST_KEY] INTEGER, 
					[ALV_DESTALV_KEY] INTEGER, 
					[ALV_DEST_TYPE_KEY] INTEGER, 
					[ALV_COMMENT] VARCHAR2(35), 
					[MASK_LOGIC_NUM] INT, 
					[MASK_LOGIC_NAME] CHAR, 
					[MASK_LOGIC_COUL] INT, 
					[ALV_ETAT] INT, 
					[ALV_X] DOUBLE, 
					[ALV_Y] DoUBLE);

				</Value>
				<Level>1</Level>
			</Script>
		</Scripts>
	</Version>
</Versions>


