num;pos;code;text;name;gif
1;1;#FF0000;#FFFFFF;rouge;FibRouge.gif
2;2;#0000FF;#FFFFFF;bleu;FibBleu.gif
3;3;#ADFF2F;#000000;vert;FibVert.gif
4;4;#FFFF00;#000000;jaune;FibJaune.gif
5;5;#8A2BE2;#FFFFFF;violet;FibViolet.gif
6;6;#FFFFFF;#000000;blanc;FibBlanc.gif
7;7;#FFA500;#000000;orange;FibOrange.gif
8;8;#A9A9A9;#000000;gris;FibGris.gif
9;9;#800000;#FFFFFF;marron;FibMarron.gif
10;10;#000000;#FFFFFF;noir;FibNoir.gif
11;11;#0E7EB3;#000000;turquoise;FibTurquoise.gif
12;12;#FFC0CB;#000000;rose;FibRose.gif
