﻿<?xml version="1.0" encoding="utf-8"?>
<REQUETES NAME="LISTE">
  <REQUETE TITLE="Herault - adresses D.E. =&gt; PDT">
update noeuds set street=(select adresse from temp_infra_points where id=inf_key) where type='PDT';
</REQUETE>
  <REQUETE TITLE="Classic - PT_codext =&gt; PDT">
update noeuds set numnoe=(select noe_codext from temp_infra_points where id=inf_key) where type='PDT';	
</REQUETE>
  <REQUETE TITLE="Classic - inf_type/inf_mat =&gt; PDT">update cables set cab_name = (select exi99 || '-' || type99 where id=cab_id)</REQUETE>
  <REQUETE TITLE="MAJ codext depuis etiquettes">
update noeuds set noe_codext = (select eti_value from t_etiquet where tbl_name='NOEUDS' and eti_name='NOE_ETIQ' and tbl_key=noeid);
update noeuds set cab_codext = (select eti_value from t_etiquet where tbl_name='NOEUDS' and eti_name='SECTION_ETIQ' and tbl_key=noeid);
update cables set cab_codext = (select eti_value from t_etiquet where tbl_name='CABLES' and eti_name='CAB_ETIQ' and tbl_key=cab_id);
</REQUETE>
  <REQUETE TITLE="MAJ codext cable uniquement">
update noeuds set cab_codext = (select eti_value from t_etiquet where tbl_name='NOEUDS' and eti_name='SECTION_ETIQ' and tbl_key=noeid);
update cables set cab_codext = (select eti_value from t_etiquet where tbl_name='CABLES' and eti_name='CAB_ETIQ' and tbl_key=cab_id);
</REQUETE>
  <REQUETE TITLE="NBLR_CUM">
ALTER TABLE import_bpe
ADD NBLR_CUM integer;
</REQUETE>
  <REQUETE TITLE="NOEUD adresse dans voie">

update NOEUDS set STREET = ADR_INSEE || '/' || CITY where TYPE='PDT';
update NOEUDS set STREET = ADR_INSEE ||'/' || CITY || '/' || STREET where TYPE='PBO';
update NOEUDS set STREET = ADR_INSEE ||'/' || CITY || '/' || STREET where TYPE='PEC';
update NOEUDS set STREET = ADR_INSEE ||'/' || CITY || '/' || STREET where TYPE='BPE';
update NOEUDS set STREET = ADR_INSEE ||'/' || CITY || '/' || STREET where TYPE='SRO';
update NOEUDS set STREET = ADR_INSEE ||'/' || CITY || '/' || STREET where TYPE='NRO';
update NOEUDS SET STREET= UPPER(STREET);
</REQUETE>
  <REQUETE TITLE="MAJ LNG BPE reel">
update NOEUDS set TRON_LNG_BPE =(select lg_bpe from IMPORT_BPE where NOEUDS.NOE_CODEXT=IMPORT_BPE.noe_codext);
</REQUETE>
  <REQUETE TITLE="passage -R =&gt;&lt;R&gt;">UPDATE liens_cabfib 

SET connector = '&lt;R&gt;', 

    cab2_fibnum = cab1_fibnum, 

    cab2_key = cab1_key, 

    cab1_plug = 'in', 

    cab2_plug = 'out'

WHERE connector = '-R'

AND EXISTS (

    SELECT 1 FROM noeuds n1 

    WHERE n1.noeid = liens_cabfib.noe_key

    AND n1.posoncab &lt; (

        SELECT MAX(posoncab) 

        FROM noeuds n2 

        WHERE n2.cab_amont_key = n1.cab_amont_key

    )

);
 </REQUETE>
  <REQUETE TITLE="donnee cable dans CAB_NAME">update cables set cab_name = (select exi99 || '-' || type99 where id=cab_id)
 </REQUETE>
  <REQUETE TITLE="update cab_name">update cables set cab_name = (select existant || '-' || type from import_cables where id=cab_id)</REQUETE>
</REQUETES>