﻿<?xml version="1.0" encoding="utf-8"?>
<Versions>
  <Version>
    <Date>14/12/2015</Date>
    <State>1</State>
    <Numero>1002</Numero>
    <Commentaire>Maj pour import NetGeo</Commentaire>
    <Scripts>
      <Script>
        <Type>Structure</Type>
        <Name>NOEUDS</Name>
        <Value>SELECT DiscardGeometryColumn('NOEUDS', 'GEOMETRY');

CREATE TABLE [NOEUDS] (
  [noeId] INTEGER PRIMARY KEY AUTOINCREMENT, 
  [equipment] VARCHAR2(20), 
  [city] VARCHAR2(25), 
  [numNoe] VARCHAR2(20), 
  [pose] VARCHAR2(20), 
  [street] VARCHAR2(150), 
  [adrNum] VARCHAR2(50), 
  [adrCplt] VARCHAR2(50), 
  [capacity] INT DEFAULT 0, 
  [type] VARCHAR2(15), 
  [CAB_AMONT_KEY] INTEGER, 
  [POSONCAB] INT, 
  [Geometry] POINT, 
  [CAD_BLOCKNAME] VARCHAR2(20), 
  [CAD_LAYER] VARCHAR2(20), 
  [CAD_HANDLE] VARCHAR2(12), 
  [NBLR] INT, 
  [NB_EPISSURES] INT, 
  [LRI_NAME] VARCHAR2(25), 
  [NOE_TYPE] VARCHAR2(5), 
  [SEC_NUM] VARCHAR2(15), 
  [ADR_CP] VARCHAR2(12), 
  [ADR_INSEE] VARCHAR2(12), 
  [ADR_PARC] VARCHAR2(15), 
  [INF_NUM] VARCHAR2(12), 
  [TRON_LNG_CARTO] DOUBLE, 
  [NOE_USAGE] VARCHAR2, 
  [INF_NATURE] VARCHAR2(12), 
  [INF_PROPRI] VARCHAR2(20), 
  [CAB_FCI_NUM] VARCHAR2(15), 
  [CAB_FCI_ZONE] VARCHAR2(10), 
  [INF_CAPNUM] CHAR, [INF_MAT] VARCHAR2(10));

SELECT PARAM_VALUE, AddGeometryColumn('NOEUDS', 'GEOMETRY',
  cast([PARAM_VALUE] as integer), 'POINT', 'XY', </Value>
        <Level>1</Level>
      </Script>
    </Scripts>
  </Version>
  <Version>
    <Date>21/10/2015</Date>
    <State>1</State>
    <Numero>1001</Numero>
    <Commentaire>Maj pour import NetGeo</Commentaire>
    <Scripts>
      <Script>
        <Type>Structure</Type>
        <Name>NOEUDS</Name>
        <Value>CREATE TABLE [NOEUDS] (
  [noeId] INTEGER PRIMARY KEY AUTOINCREMENT, 
  [equipment] VARCHAR2(20), 
  [city] VARCHAR2(25), 
  [numNoe] VARCHAR2(20), 
  [pose] VARCHAR2(20), 
  [street] VARCHAR2(150), 
  [adrNum] VARCHAR2(50), 
  [adrCplt] VARCHAR2(50), 
  [capacity] INT DEFAULT 0, 
  [type] VARCHAR2(15), 
  [CAB_AMONT_KEY] INTEGER, 
  [POSONCAB] INT, 
  [Geometry] POINT, 
  [CAD_BLOCKNAME] VARCHAR2(20), 
  [CAD_LAYER] VARCHAR2(20), 
  [CAD_HANDLE] VARCHAR2(12), 
  [NBLR] INT, 
  [NB_EPISSURES] INT, 
  [LRI_NAME] VARCHAR2(25), 
  [NOE_TYPE] VARCHAR2(5), 
  [SEC_NUM] VARCHAR2(15), 
  [ADR_CP] VARCHAR2(12), 
  [ADR_INSEE] VARCHAR2(12), 
  [ADR_PARC] VARCHAR2(15), 
  [INF_NUM] VARCHAR2(12), 
  [TRON_LNG_CARTO] DOUBLE, 
  [NOE_USAGE] VARCHAR2, 
  [INF_NATURE] VARCHAR2(12), 
  [INF_PROPRI] VARCHAR2(20), 
  [CAB_FCI_NUM] VARCHAR2(15), 
  [CAB_FCI_ZONE] VARCHAR2(10), 
  [INF_CAPNUM] CHAR);
DROP TRIGGER [ggi_NOEUDS_Geometry];
CREATE TRIGGER [ggi_NOEUDS_Geometry]
BEFORE INSERT
ON [NOEUDS]
FOR EACH ROW
BEGIN
				SELECT RAISE(ROLLBACK, 'NOEUDS.Geometry violates Geometry constraint [geom-type or SRID not allowed]')
				WHERE (SELECT geometry_type FROM geometry_columns
				WHERE Lower(f_table_name) = Lower('NOEUDS') AND Lower(f_geometry_column) = Lower('Geometry')
				AND GeometryConstraints(NEW."Geometry", geometry_type, srid) = 1) IS NULL;
				END;
DROP TRIGGER [ggu_NOEUDS_Geometry];
CREATE TRIGGER [ggu_NOEUDS_Geometry]
BEFORE UPDATE
ON [NOEUDS]
FOR EACH ROW
BEGIN
				SELECT RAISE(ROLLBACK, 'NOEUDS.Geometry violates Geometry constraint [geom-type or SRID not allowed]')
				WHERE (SELECT geometry_type FROM geometry_columns
				WHERE Lower(f_table_name) = Lower('NOEUDS') AND Lower(f_geometry_column) = Lower('Geometry')
				AND GeometryConstraints(NEW."Geometry", geometry_type, srid) = 1) IS NULL;
				END;
DROP TRIGGER [gii_NOEUDS_Geometry];
CREATE TRIGGER [gii_NOEUDS_Geometry]
AFTER INSERT
ON [NOEUDS]
FOR EACH ROW
BEGIN
				UPDATE geometry_columns_time SET last_insert = strftime('%Y-%m-%dT%H:%M:%fZ', 'now')
				WHERE Lower(f_table_name) = Lower('NOEUDS') AND Lower(f_geometry_column) = Lower('Geometry');
				DELETE FROM "idx_NOEUDS_Geometry" WHERE pkid=NEW.ROWID;
				SELECT RTreeAlign('idx_NOEUDS_Geometry', NEW.ROWID, NEW."Geometry");
				END;
DROP TRIGGER [giu_NOEUDS_Geometry];
CREATE TRIGGER [giu_NOEUDS_Geometry]
AFTER UPDATE
ON [NOEUDS]
FOR EACH ROW
BEGIN
				UPDATE geometry_columns_time SET last_update = strftime('%Y-%m-%dT%H:%M:%fZ', 'now')
				WHERE Lower(f_table_name) = Lower('NOEUDS') AND Lower(f_geometry_column) = Lower('Geometry');
				DELETE FROM "idx_NOEUDS_Geometry" WHERE pkid=NEW.ROWID;
				SELECT RTreeAlign('idx_NOEUDS_Geometry', NEW.ROWID, NEW."Geometry");
				END;
DROP TRIGGER [gid_NOEUDS_Geometry];
CREATE TRIGGER [gid_NOEUDS_Geometry]
AFTER DELETE
ON [NOEUDS]
FOR EACH ROW
BEGIN
				UPDATE geometry_columns_time SET last_delete = strftime('%Y-%m-%dT%H:%M:%fZ', 'now')
				WHERE Lower(f_table_name) = Lower('NOEUDS') AND Lower(f_geometry_column) = Lower('Geometry');
				DELETE FROM "idx_NOEUDS_Geometry" WHERE pkid=OLD.ROWID;
				END;

</Value>
        <Level>1</Level>
      </Script>
    </Scripts>
  </Version>
  <Version>
    <Date>21/09/2015</Date>
    <State>0</State>
    <Numero>1001</Numero>
    <Commentaire>Maj pour FOA Explorer</Commentaire>
    <Scripts>
      <Script>
        <Type>Structure</Type>
        <Name>PRJ_CHB_ALVEOLE</Name>
        <Value>CREATE TABLE [PRJ_CHB_ALVEOLE] (
  [CHB_KEY] INTEGER, 
  [ALV_ID] INTEGER PRIMARY KEY AUTOINCREMENT, 
  [MASK_LIB] VARCHAR2(3), 
  [MASK_POSITION] INT, 
  [ALV_NUM] INT, 
  [ALV_DIAM] DOUBLE, 
  [ALV_OCCUP] DOUBLE, 
  [ALV_DEST_KEY] INTEGER, 
  [ALV_DESTALV_KEY] INTEGER, 
  [ALV_DEST_TYPE_KEY] INTEGER, 
  [ALV_COMMENT] VARCHAR2(35), 
  [MASK_LOGIC_NUM] INT, 
  [MASK_LOGIC_NAME] CHAR, 
  [MASK_LOGIC_COUL] INT, 
  [ALV_ETAT] INT, 
  [ALV_X] DOUBLE, 
  [ALV_Y] DoUBLE);

	</Value>
        <Level>1</Level>
      </Script>
    </Scripts>
  </Version>
</Versions>