code;libelle;definition
CB;CABLE;""
CD;CONDUITE;""
BP;ELEMENT BRANCHEMENT PASSIF;""
MQ;MASQUE;""
ND;NOEUD;""
PT;POINT TECHNIQUE;""
ST;SITE TECHNIQUE;""
SF;SITE UTILISATEUR FINAL;""
LT;LOCAL TECHNIQUE;""
AD;ADRESSE;""
BA;BAIE;""
CS;CASSETTE;""
EQ;EQUIPEMENT;""
TI;TIROIR;""
OR;ORGANISME;""
ZN;ZONE DE NRO;""
ZD;ZONE DE DEPLOIEMENT;""
ZS;ZONE DE SRO;""
RF;REFERENCE;""
RT;ROUTE OPTIQUE;""
CM;CHEMINEMENT;""
FO;FIBRE;""
PS;POSITION;""
SE;SITE EMISSION;""
LV;LOVE;""
ZP;ZONE ARRIERE DE PBO;""
ZC;ZONE COAX;""
