rf_code;rf_type;rf_fabric;rf_design;rf_etat;rf_comment;rf_creadat;rf_majdate;rf_majsrc;rf_abddate;rf_abdsrc
RF000000000001;BP;OR900000000009;Micro manchon TYCO - OFMC;A;;2019-02-01 00:00:00;;;;
RF000000000002;BP;OR900000000009;'Protection d''epissures TENIO B6';A;;2019-02-01 00:00:00;;;;
RF000000000003;BP;OR900000000009;'Protection d''epissures TENIO C6';A;;2019-02-01 00:00:00;;;;
RF000000000004;BP;OR900000000009;'Protection d''epissures FIST-GCO2 BD8';A;;2019-02-01 00:00:00;;;;
RF000000000005;BP;OR900000000009;'Protection d''epissures FIST-GCO2 plate classe : PEO1 CAPACITE 144 ou 288 epissures';A;;2019-02-01 00:00:00;;;;
RF000000000006;BP;OR900000000008;Boitier de Protection d Epissures Optiques;A;;2019-02-01 00:00:00;;;;
RF000000000007;BP;OR900000000017;'Dispositif d''arrimage de cables - capacite 12 a 720 FO';A;;2019-02-01 00:00:00;;;;
RF000000000009;BP;OR900000000007;PBA32 - Point de branchement Immeuble;A;;2019-02-01 00:00:00;;;;
RF000000000010;CA;OR900000000007;Cables G657-A2 - Capacite 12FO;A;;2019-02-01 00:00:00;;;;
RF000000000011;CA;OR900000000007;Cables G657-A2 - Capacite 24FO;A;;2019-02-01 00:00:00;;;;
RF000000000012;CA;OR900000000007;Cables G657-A2 - Capacite 48FO;A;;2019-02-01 00:00:00;;;;
RF000000000013;CA;OR900000000007;Cables G657-A2 - Capacite 72FO;A;;2019-02-01 00:00:00;;;;
RF000000000014;CA;OR900000000007;Cables G657-A2 - Capacite 96FO;A;;2019-02-01 00:00:00;;;;
RF000000000015;CA;OR900000000007;Cables G657-A2 - Capacite 144FO;A;;2019-02-01 00:00:00;;;;
RF000000000016;CA;OR900000000007;Cables G657-A2 - Capacite 288FO;A;;2019-02-01 00:00:00;;;;
RF000000000017;CA;OR900000000007;Cables G657-A2 - Capacite 432FO;A;;2019-02-01 00:00:00;;;;
RF000000000018;CA;OR900000000007;Cables G657-A2 - Capacite 576FO;A;;2019-02-01 00:00:00;;;;
RF000000000019;CA;OR900000000007;Cables G657-A2 - Capacite 720FO;A;;2019-02-01 00:00:00;;;;
RF000000000020;CA;OR900000000007;Cables G657-A2 pour pose en aerien (portee <60ml) - Capacite 12FO;A;;2019-02-01 00:00:00;;;;
RF000000000021;CA;OR900000000007;Cables G657-A2 pour pose en aerien (portee <60ml) - Capacite 24FO;A;;2019-02-01 00:00:00;;;;
RF000000000022;CA;OR900000000007;Cables G657-A2 pour pose en aerien (portee <60ml) - Capacite 48FO;A;;2019-02-01 00:00:00;;;;
RF000000000023;CA;OR900000000007;Cables G657-A2 pour pose en aerien (portee <60ml) - Capacite 72FO;A;;2019-02-01 00:00:00;;;;
RF000000000024;CA;OR900000000007;Cables G657-A2 pour pose en aerien (portee <60ml) - Capacite 96FO;A;;2019-02-01 00:00:00;;;;
RF000000000025;CA;OR900000000007;Cables G657-A2 pour pose en aerien (portee <60ml) - Capacite 144FO;A;;2019-02-01 00:00:00;;;;
RF000000000026;CA;OR900000000019;Cables G657-A2 pour pose en aerien (portee >60ml) - Capacite 12FO;A;;2019-02-01 00:00:00;;;;
RF000000000027;CA;OR900000000019;Cables G657-A2 pour pose en aerien (portee >60ml) - Capacite 48FO;A;;2019-02-01 00:00:00;;;;
RF000000000028;CA;OR900000000019;Cables G657-A2 pour pose en aerien (portee >60ml) - Capacite 72FO;A;;2019-02-01 00:00:00;;;;
RF000000000029;CA;OR900000000019;Cables G657-A2 pour pose en aerien (portee >60ml) - Capacite 96FO;A;;2019-02-01 00:00:00;;;;
RF000000000030;CA;OR900000000019;Cables G657-A2 pour pose en aerien (portee >60ml) - Capacite 144FO;A;;2019-02-01 00:00:00;;;;
RF000000000031;CA;OR900000000007;Cables G657-A2 de Distribution Interieur;A;;2019-02-01 00:00:00;;;;
RF000000000032;BA;OR900000000017;Armoire PM 2x28U;A;;2019-02-01 00:00:00;;;;
RF000000000033;BA;OR900000000017;Armoire PM 2x40U;A;;2019-02-01 00:00:00;;;;
RF000000000034;TI;OR900000000017;ITOM 48 - 96- 144;A;;2019-02-01 00:00:00;;;;
RF000000000035;EQ;OR900000000017;ACS / BEC;A;;2019-02-01 00:00:00;;;;
RF000000000036;BP;OR900000000008;BPE - BPE0 T0 (souterrain, facade, aerien);A;;2020-10-23 11:45:03;;;;
RF000000000037;BP;OR900000000008;PBO NG Point de Branchement Optique pour facade ou poteau (PBO Taille 1) - 3M T1;A;;2019-02-01 00:00:00;;;;
RF000000000038;BP;OR900000000008;BPE0 T1 - BPE/O-1 EVOL 12 PAS;A;;2019-02-01 00:00:00;;;;
RF000000000039;BP;OR900000000009;TENIO B6 - Manchon (Souterraine Facadee aerien);A;;2019-02-01 00:00:00;;;;
RF000000000040;BP;OR900000000009;TENIO BC6 - PEO1 (Souterraine Facadee aerien);A;;2019-02-01 00:00:00;;;;
RF000000000041;BP;OR900000000009;FIST GCO2 FR6 - PEO1 (Souterrain);A;2042;2019-02-01 00:00:00;;;;
RF000000000042;BP;OR900000000009;FIST GCO2 BD8 - PEO2 (souterrain);A;;2019-02-01 00:00:00;;;;
RF000000000043;CA;OR900000000007;PAD1826;A;;2019-02-01 00:00:00;;;;
RF000000000044;BP;OR900000000007;PBA32 - Point de branchement Immeuble;A;;2019-02-01 00:00:00;;;;
RF000000000046;BP;OR900000000005;BPE Fabricant Prysmian capacite max 288FO;A;;2019-02-01 00:00:00;;;;
RF000000000047;BP;OR900000000005;BPE Fabricant Prysmian capacite max 288FO;A;;2019-02-01 00:00:00;;;;
RF000000000048;CA;OR900000000004;Cables G657-A2 - Capacite 12FO;A;;2019-02-01 00:00:00;;;;
RF000000000049;CA;OR900000000004;Cables G657-A2 - Capacite 24FO;A;;2019-02-01 00:00:00;;;;
RF000000000050;CA;OR900000000004;Cables G657-A2 - Capacite 36FO;A;;2019-02-01 00:00:00;;;;
RF000000000051;CA;OR900000000004;Cables G657-A2 - Capacite 48FO;A;;2019-02-01 00:00:00;;;;
RF000000000052;CA;OR900000000004;Cables G657-A2 - Capacite 72FO;A;;2019-02-01 00:00:00;;;;
RF000000000053;CA;OR900000000004;Cables G657-A2 - Capacite 96FO;A;;2019-02-01 00:00:00;;;;
RF000000000054;CA;OR900000000004;Cables G657-A2 - Capacite 144FO;A;;2019-02-01 00:00:00;;;;
RF000000000055;CA;OR900000000004;Cables G657-A2 - Capacite 288FO;A;;2019-02-01 00:00:00;;;;
RF000000000056;CA;OR900000000005;Cables G657-A2 - Capacite 12FO;A;;2019-02-01 00:00:00;;;;
RF000000000057;CA;OR900000000005;Cables G657-A2 - Capacite 24FO;A;;2019-02-01 00:00:00;;;;
RF000000000058;CA;OR900000000005;Cables G657-A2 - Capacite 36FO;A;;2019-02-01 00:00:00;;;;
RF000000000059;CA;OR900000000005;Cables G657-A2 - Capacite 48FO;A;;2019-02-01 00:00:00;;;;
RF000000000060;CA;OR900000000005;Cables G657-A2 - Capacite 72FO;A;;2019-02-01 00:00:00;;;;
RF000000000061;CA;OR900000000005;Cables G657-A2 - Capacite 96FO;A;;2019-02-01 00:00:00;;;;
RF000000000062;CA;OR900000000005;Cables G657-A2 - Capacite 144FO;A;;2019-02-01 00:00:00;;;;
RF000000000063;CA;OR900000000005;Cables G657-A2 - Capacite 288FO;A;;2019-02-01 00:00:00;;;;
RF000000000064;CA;OR900000000019;Cables G657-A2 - Capacite 12FO;A;;2019-02-01 00:00:00;;;;
RF000000000065;CA;OR900000000019;Cables G657-A2 - Capacite 24FO;A;;2019-02-01 00:00:00;;;;
RF000000000066;CA;OR900000000019;Cables G657-A2 - Capacite 36FO;A;;2019-02-01 00:00:00;;;;
RF000000000067;CA;OR900000000019;Cables G657-A2 - Capacite 48FO;A;;2019-02-01 00:00:00;;;;
RF000000000068;CA;OR900000000019;Cables G657-A2 - Capacite 72FO;A;;2019-02-01 00:00:00;;;;
RF000000000069;CA;OR900000000019;Cables G657-A2 - Capacite 96FO;A;;2019-02-01 00:00:00;;;;
RF000000000070;CA;OR900000000019;Cables G657-A2 - Capacite 144FO;A;;2019-02-01 00:00:00;;;;
RF000000000071;CA;OR900000000019;Cables G657-A2 - Capacite 288FO;A;;2019-02-01 00:00:00;;;;
RF000000000072;EQ;OR900000000020;Tube PEHD Rainure et non lubrifie SDR11 DE 40mm conditionne en touret reutilisable de 900ml pour le tritube. Tube de couleur noir avec bande de couleur vertee violet et blanc;A;;2019-02-01 00:00:00;;;;
RF000000000073;EQ;OR900000000020;Tube PVC livre en barre de 6m par palette diametre selon besoin ;A;;2019-02-01 00:00:00;;;;
RF000000000074;EQ;OR900000000021;Manchon et bouchon plasscom pour tube PEHD D40;A;;2019-02-01 00:00:00;;;;
RF000000000075;PT;OR900000000022;Chambre prefabrique en beton de marque prefatec type L1T a L5Te L1C a L3C et K1C a K3C avec ou sans fond ;A;;2019-02-01 00:00:00;;;;
RF000000000076;EQ;OR900000000021;Tampon fonte optimise optimaxe C250 pour chambre beton de L0T a L4T. Tampon fonte standard C250 pour chambre L5Te et D400 pour chambre serie LC et KC Non marque et non verrouille ;A;;2019-02-01 00:00:00;;;;
RF000000000077;EQ;OR900000000021;Grilles de protection anti-chute pour chambre beton L1T a L5Te L1C a L3C et K1C et K2C. Grille fixee par goujon dans chambre beton;A;;2019-02-01 00:00:00;;;;
RF000000000078;PT;OR900000000023;POTEAUX BOIS TELECOM;A;;2019-02-01 00:00:00;;;;
RF000000000079;PT;OR900000000024;POTEAUX EN BETON ARME ;A;;2019-02-01 00:00:00;;;;
RF000000000080;EQ;OR900000000025;Beton de tranchee auto-compactant essorable destine au remblayage des tranchees - EB tranchees ES;A;;2019-02-01 00:00:00;;;;
RF000000000081;PT;OR900000000017;'Gabarit de pose en acier pour confection de dalle coulee en place d''armoire de rue type IBER 1635 et 1650';A;;2019-02-01 00:00:00;;;;
RF000000000082;BP;OR900000000026;Point de Branchement Optique;A;;2019-02-01 00:00:00;;;;
RF000000000083;BP;OR900000000026;Point de Terminaison Optique;A;;2019-02-01 00:00:00;;;;
RF000000000084;CA;OR900000000026;Reference a determiner;A;;2019-02-01 00:00:00;;;;
RF000000000085;BP;OR900000000009;Boitier TENIO T1-144 FR05;A;3145;2019-05-13 00:00:00;;;;
RF000000000086;BP;OR900000000009;Boitier TENIO T2-288;A;3304;2019-05-13 00:00:00;;;;
RF000000000087;BP;OR900000000009;ACE-DS-CL-MM-ODC-MS-72F0;A;3350;2019-05-13 00:00:00;2019-12-10 09:30:00;;;
RF000000000088;BP;OR900000000009;BOITIER FIST-GC02-BC8-0672-FR14;A;1812;2019-05-13 00:00:00;;;;
RF000000000089;BP;OR900000000009;OFDC-B8-S36-2-NN-2;A;1568;2019-05-13 00:00:00;;;;
RF000000000090;BP;OR900000000009;BOITIER FIST-GCO2-FC8-120 EP;A;3249;2019-05-13 00:00:00;;;;
RF000000000091;BP;OR900000000009;FIST-BD-2-PT-FR05;A;3302;2019-05-13 00:00:00;;;;
RF000000000092;BP;OR900000000008;PBO NG Point de Branchement Optique pour facade ou poteau (PBO Taille 1) - 3M T1;A;3308;2019-05-13 00:00:00;;;;
RF000000000093;BP;OR900000000008;BPE - BPE0 T0 (souterrain, facade, aerien);A;3131;2019-05-13 00:00:00;;;;
RF000000000094;CS;OR900000000027;'Module d''Epissurage 12 Epissures';A;;2019-06-05 00:00:00;;;;
RF000000000095;CS;OR900000000027;'Module d''Epissurage 24 Epissures';A;;2019-06-05 00:00:00;;;;
RF000000000096;CS;OR900000000027;'Module d''Epissurage 36 Epissures';A;;2019-06-05 00:00:00;;;;
RF000000000097;CS;OR900000000027;Cassette fictive ;A;;2019-06-05 00:00:00;;;;
RF000000000098;CS;OR900000000008;Cassette-12;A;;2019-06-08 00:00:00;;;;
RF000000000099;CS;OR900000000008;Cassette-24;A;;2019-06-08 00:00:00;;;;
RF000000000100;CS;OR900000000008;Cassette-36;A;;2019-06-08 00:00:00;;;;
RF000000000101;CS;OR900000000008;Cassette_pas;A;;2019-06-08 00:00:00;;;;
RF000000001009;CA;OR000000001310;CABLE G657-A2 12FO M6-MIXTE;A;;2019-09-09 09:29:00;;;;
RF000000001010;CA;OR000000001310;CABLE G657-A2 24FO M6-MIXTE;A;;2019-09-09 09:29:00;;;;
RF000000001011;CA;OR000000001310;CABLE G657-A2 48FO M6-MIXTE;A;;2019-09-09 09:29:00;;;;
RF000000001012;CA;OR000000001310;CABLE-G657-A2-72FO-M6-MIXTE;A;;2019-09-09 09:29:00;;;;
RF000000001013;CA;OR000000001310;CABLE-144FO-M12-SOUTERRAIN;A;;2019-09-09 09:29:00;;;;
RF000000001014;CA;OR000000001310;CABLE G657-A2 288FO;A;;2019-09-09 09:29:00;;;;
RF000000001015;CA;OR000000001310;CABLE G657-A2 96FO M6-MIXTE;A;;2019-09-09 09:29:00;;;;
RF000000001016;CA;OR000000001310;CABLE-G657-A2-12FO-M6-AER;A;;2019-09-09 09:29:00;;;;
RF000000001017;CA;OR000000001310;CABLE-G657-A2-24FO-M6-AER;A;;2019-09-09 09:29:00;;;;
RF000000001018;CA;OR000000001310;CABLE-G657-A2-48FO-M6-AER;A;;2019-09-09 09:29:00;;;;
RF000000001019;CA;OR000000001310;CABLE-G657-A2-72FO-M6-MIXTE;A;;2019-09-09 09:29:00;;;;
RF000000001020;CA;OR000000001310;CABLE-G657-A2-96FO-M6-AER;A;;2019-09-09 09:29:00;;;;
RF000000001021;CA;OR000000001310;CABLE-G657-A2-144FO-M6-AER;A;;2019-09-09 09:29:00;;;;
RF000000001030;CA;OR900000000042;CABLE CONDUITE ET AERIEN - 12F- M6;A;;2019-09-09 09:29:00;;;;
RF000000001031;CA;OR900000000042;CABLE CONDUITE ET AERIEN - 48F- M6;A;;2019-09-09 09:29:00;;;;
RF000000001032;CA;OR900000000042;CABLE CONDUITE ET AERIEN - 72F- M6;A;;2019-09-09 09:29:00;;;;
RF000000001033;CA;OR900000000042;CABLE CONDUITE ET AERIEN - 144F- M12;A;;2019-09-09 09:29:00;;;;
RF000000001034;CA;OR900000000042;CABLE CONDUITE ET AERIEN - 288F- M12;A;;2019-09-09 09:29:00;;;;
RF000000001035;CA;OR900000000042;CABLE CONDUITE ET AERIEN - 72F- M12;A;;2019-09-09 09:29:00;;;;
RF000000001036;CA;OR900000000005;Cables G657-A2 - Capacite 720FO;A;;2019-04-18 00:00:00;;;;
RF000000001037;CA;OR900000000005;Cables G657-A2 - Capacite 576FO;A;;2019-04-18 00:00:00;;;;
RF000000001038;CA;OR900000000005;Cables G657-A2 - Capacite 432FO;A;;2019-04-18 00:00:00;;;;
RF000000001039;BP;OR900000000008;BPE0 T2 - BPE/O-2 EVOL 28 PAS;A;;2019-04-18 00:00:00;;;;
RF000000001040;BP;OR900000000008;BPE0 T3 - BPE/O-3 EVOL 48 PAS;A;;2019-06-06 00:00:00;;;;
RF000000001041;BP;OR000000001277;PBO Aerien et Facade OUTDROP;A;3363;2019-08-23 00:00:00;;;;
RF000000001042;BP;OR000000001277;BPI QUADRI NEXANS 144           ;A;3123;2019-08-23 00:00:00;;;;
RF000000001043;CA;OR900000000197;48FO_G652D_T12_CND              ;;8504;2019-08-23 00:00:00;;;;
RF000000001044;CA;OR900000000197;72FO_G652D_T12_CND              ;;8506;2019-08-23 00:00:00;;;;
RF000000001045;CA;OR900000000197;96FO_G652D_T12_CND              ;;8508;2019-08-23 00:00:00;;;;
RF000000001046;CA;OR900000000197;144FO_G652D_T12_CND             ;;8510;2019-08-23 00:00:00;;;;
RF000000001047;CA;OR900000000197;288FO_G652D_T12_CND             ;;8512;2019-08-23 00:00:00;;;;
RF000000001048;CA;OR900000000197;48FO_G652D_T12_AER              ;;8520;2019-08-23 00:00:00;;;;
RF000000001049;CA;OR900000000197;72FO_G652D_T12_AER              ;;8522;2019-08-23 00:00:00;;;;
RF000000001050;CA;OR900000000197;96FO_G652D_T12_AER              ;;8524;2019-08-23 00:00:00;;;;
RF000000001051;CA;OR900000000197;144FO_G652D_T12_AER             ;;8526;2019-08-23 00:00:00;;;;
RF000000001052;CA;OR900000000197;432FO_G652D_T12_CND;;8641;2020-01-02 00:00:00;;;;
RF000000001053;CA;OR900000000197;576FO_G652D_T12_CND;;8642;2020-01-02 00:00:00;;;;
RF000000001054;CA;OR900000000197;720FO_G652D_T12_CND;;8643;2020-01-02 00:00:00;;;;
RF000000001055;CA;OR900000000196;CABLE 6Fo T6 0812746-G657A2     ;;8286;2019-08-23 00:00:00;;;;
RF000000002005;CA;OR900000000004;Cables G657-A2 - Capacite 72FO - M12 - SOUT;A;;2019-02-21 16:17:00;;;;
RF000000002006;CA;OR900000000004;Cables G657-A2 - Capacite 144FO - M12 - SOUT;A;;2019-02-21 16:17:00;;;;
RF000000002007;CA;OR900000000004;Cables G657-A2 - Capacite 288FO - M12 - SOUT;A;;2019-02-21 16:17:00;;;;
RF000000002017;CA;OR900000000019;Cables G657-A2 - Capacite 12FO - M6 - LSOH;;;2019-02-21 16:17:00;;;;
RF000000002018;CA;OR900000000019;Cables G657-A2 - Capacite 6FO - M6 - MIXTE;A;;2019-02-21 16:17:00;;;;
RF000000002019;CA;OR000000001277;Cables G657-A2 - Capacite 24FO - M6 - LSOH;A;;2019-02-21 16:17:00;;;;
RF000000002020;CA;OR000000001277;Cables G657-A2 - Capacite 36FO - M6 - LSOH;A;;2019-02-21 16:17:00;;;;
RF000000002021;CA;OR000000001277;Cables G657-A2 - Capacite 48FO - M6 - LSOH;A;;2019-02-21 16:17:00;;;;
RF000000002022;CA;OR000000001277;Cables G657-A2 - Capacite 72FO - M6 - LSOH;A;;2019-02-21 16:17:00;;;;
RF000000002023;CA;OR000000001277;Cables G657-A2 - Capacite 96FO - M6 - LSOH;A;;2019-02-21 16:17:00;;;;
RF000000002024;CA;OR900000000004;Cables G657-A2 - Capacite 576FO - M12 - SOUT;A;;2019-02-21 16:17:00;;;;
RF000000002025;CA;OR900000000004;Cables G657-A2 - Capacite 720FO - M12 - SOUT;A;;2019-02-21 16:17:00;;;;
RF000000002031;BP;OR900000000008;PBO NG Point de Branchement Optique pour facade ou poteau (PBO Taille 2) - 3M T2;A;;2019-02-21 16:17:00;;;;
RF000000002035;CA;OR000000001277;Cables G657-A2 - Capacite 144FO - M6 - LSOH;A;;2019-02-21 16:17:00;2018-09-10 14:21:00;;;
RF000000002036;BP;OR000000001277;Verthor 12;A;;2019-02-21 16:17:00;;;;
RF000000002037;PT;OR900000000010;POTEAU BOIS 6M;A;;2019-09-09 09:34:00;;;;
RF000000002038;PT;OR900000000010;POTEAU BOIS 7M;A;;2019-09-09 09:34:00;;;;
RF000000002039;PT;OR900000000010;POTEAU BOIS 8M;A;;2019-09-09 09:34:00;;;;
RF000000002040;PT;OR900000000010;POTEAU BOIS 9M;A;;2019-09-09 09:34:00;;;;
RF000000002041;PT;OR900000000010;POTEAU BOIS 10M;A;;2019-09-09 09:34:00;;;;
RF000000002042;PT;OR900000000010;CHAMBRE A1;A;;2019-09-09 09:38:00;;;;
RF000000002043;PT;OR900000000010;CHAMBRE A2;A;;2019-09-09 09:38:00;;;;
RF000000002044;PT;OR900000000010;CHAMBRE A3;A;;2019-09-09 09:38:00;;;;
RF000000002045;PT;OR900000000010;CHAMBRE A4;A;;2019-09-09 09:38:00;;;;
RF000000002088;PT;OR900000000010;CHAMBRE K1C;A;;2019-09-09 09:38:00;;;;
RF000000002089;PT;OR900000000010;CHAMBRE K2C;A;;2019-09-09 09:38:00;;;;
RF000000002090;PT;OR900000000010;CHAMBRE K3C;A;;2019-09-09 09:38:00;;;;
RF000000002091;PT;OR900000000010;CHAMBRE L0T;A;;2019-09-09 09:38:00;;;;
RF000000002092;PT;OR900000000010;CHAMBRE L1T;A;;2019-09-09 09:38:00;;;;
RF000000002093;PT;OR900000000010;CHAMBRE L2T;A;;2019-09-09 09:38:00;;;;
RF000000002094;PT;OR900000000010;CHAMBRE L3T;A;;2019-09-09 09:38:00;;;;
RF000000002095;PT;OR900000000010;CHAMBRE L4T;A;;2019-09-09 09:38:00;;;;
RF000000002096;PT;OR900000000010;CHAMBRE L5T;A;;2019-09-09 09:38:00;;;;
RF000000002097;PT;OR900000000010;CHAMBRE L6T;A;;2019-09-09 09:38:00;;;;
RF000000002098;TI;OR900000000017;Tiroir de stockage;A;;2019-10-17 15:30:00;;;;
RF000000002099;TI;OR900000000017;ITOP 144;A;;2019-10-28 15:30:00;;;;
RF000000002100;BA;OR900000000017;IXIO ;A;;2019-10-29 15:30:00;;;;
RF000000002101;PT;OR760000001763;POTEAU FIBRE RENFORCE;A;;2019-11-04 15:30:00;;;;
RF000000002102;BP;OR760000001767;BPI ELINE;A;;2019-12-09 15:30:00;;;;
RF000000002103;CA;OR000000001277;Cable MIXTE 12FO M6 NEXANS;;CAB 8355;2019-12-10 09:00:00;;;;
RF000000002104;CA;OR000000001277;Cable MIXTE 24FO M6 NEXANS;;CAB 8356;2019-12-10 09:00:00;;;;
RF000000002105;CA;OR000000001277;Cable MIXTE 36FO M6 NEXANS;;CAB 8576;2019-12-10 09:00:00;;;;
RF000000002106;CA;OR000000001277;Cable MIXTE 48FO M6 NEXANS;;CAB 8357;2019-12-10 09:00:00;;;;
RF000000002107;CA;OR000000001277;Cable MIXTE 72FO M6 NEXANS;;CAB 8358;2019-12-10 09:00:00;;;;
RF000000002108;CA;OR000000001277;Cable MIXTE 96FO M6 NEXANS;;CAB 8359;2019-12-10 09:00:00;;;;
RF000000002109;CA;OR000000001277;Cable MIXTE 144FO M6 NEXANS;;CAB 8360;2019-12-10 09:00:00;;;;
RF000000002110;CA;OR000000001277;Cable MIXTE 288FO M12 NEXANS;;CAB 8577;2019-12-10 09:00:00;;;;
RF000000002111;CA;OR900000000007;Cable SOUT 288FO M12 ACOME;;CAB 8311;2019-12-10 09:00:00;;;;
RF000000002112;CA;OR900000000007;Cable SOUT 432FO M12 ACOME;;CAB 8396;2019-12-10 09:00:00;;;;
RF000000002113;CA;OR900000000007;Cable SOUT 576FO M12 ACOME;;CAB 8397;2019-12-10 09:00:00;;;;
RF000000002114;CA;OR900000000007;Cable SOUT 720FO M12 ACOME;;CAB 8398;2019-12-10 09:00:00;;;;
RF000000002115;PT;OR760000001768;POTEAU METAL;A;;2019-12-05 15:03:00;;;;
RF000000002116;BP;OR000000001277;BLACKBOX 12FO_36FO NEXANS;A;;2020-01-13 10:09:00;;;;
RF000000002117;BP;OR900000000008;PBPO NG avec arrimage drops exterieurs;A;;2020-01-13 10:17:00;;;;
RF000000002118;CA;OR000000001277;Cable MIXTE 144FO M12 NEXANS;A;;2020-01-16 16:35:00;;;;
RF000000002119;CA;OR000000001277;Cable 432FO M12 NEXANS;A;;2020-01-16 16:36:00;;;;
RF000000002120;CA;OR000000001277;Cable 72FO M12 NEXANS;A;;2020-01-16 16:37:00;;;;
RF000000002121;CA;OR760000001770;Cable 576FO M12 DRAKA;A;;2020-01-16 16:39:00;;;;
RF000000002122;CA;OR760000001770;Cable 720FO M12 DRAKA;A;;2020-01-16 16:39:00;;;;
RF000000002123;CA;OR760000001770;Cable 72FO M12 DRAKA;A;;2020-01-16 16:39:00;;;;
RF000000002124;TI;OR900000000017;Tiroir de stockage 2U;A;;2020-01-15 15:00:00;;;;
RF000000002125;BP;OR760000001767;Point de branchement IMB ELINE 09178;;3400;2020-06-29 13:00:00;;;;
RF000000002126;BA;OR760000002050;Baie ODF 42u simple et Double;A;;2020-10-23 11:23:00;;;;
RF000000002029;BP;OR900000000008;BPE0 T4 72 PAS;A;;2019-02-21 16:17:00;;;;
RF000000002127;BP;OR900000000009;IBD-32-5SM-3-A;A;;2021-11-19 00:00:00;;;;
