﻿<?xml version="1.0" encoding="utf-8"?>
<SCENARIO OPT_APD="true" OPT_APS="true" OPT_NAME_FORMAT="[TBL_PREFIX,2][PROJ_NAME,2][ENT_NUM,10]" OPT_NUM_START="2406000001" OPT_NUM_STEP="1" OPT_PROJ_NAME="71" OPT_PATH_TORG="C:\Users\NICOLAS-PC\Documents\GACE_71\t_organisme.csv" OPT_PATH_TREF="C:\Users\NICOLAS-PC\Documents\GACE_71\t_reference.csv" SCEN_DESC="71" PATH_TORG="essai" SCEN_TITLE="GRACE_71_DOE" OPT_NRO_NAME="NRO71566VDI" OPT_NUM_START_RTE="" OPT_FOUTIL_ARR="false" OPT_ZAPBO_FTTE="true" OPT_LOVE_BOI_CHB_IN="15" OPT_LOVE_BOI_CHB_OUT="15" OPT_LOVE_CHB_CROSS="0" OPT_LOVE_TARGET="0" OPT_LOVE_BOI_POT_IN="15" OPT_LOVE_BOI_POT_OUT="15" OPT_LOVE_POT_CROSS="0">
  <OPT_LST_SCRIPTS>
    <SCRIPT NAME="HerPostFormatAPD.sql" CONTENT="C:\Users\NICOLAS-PC\Documents\Parametres\MODEL_GRACE\scripts\HerPostFormatAPD.sql" STATUS="0" DESC="" />
    <SCRIPT NAME="COR-APD.txt" CONTENT="C:\Users\NICOLAS-PC\Documents\Parametres\MODEL_GRACE\scripts\COR-APD.txt" STATUS="0" DESC="" />
    <SCRIPT NAME="COROrganismes.sql" CONTENT="C:\Users\NICOLAS-PC\Documents\Parametres\MODEL_GRACE\scripts\COROrganismes.sql" STATUS="0" DESC="" />
    <SCRIPT NAME="CORObaies_tiroir.sql" CONTENT="C:\Users\NICOLAS-PC\Documents\Parametres\MODEL_GRACE\scripts\CORObaies_tiroir.sql" STATUS="1" DESC="" />
    <SCRIPT NAME="71-EXE.sql" CONTENT="C:\Users\NICOLAS-PC\Documents\Parametres\MODEL_GRACE\scripts\71-EXE.sql" STATUS="0" DESC="" />
    <SCRIPT NAME="71-EXE_VDI_09.sql" CONTENT="C:\Users\NICOLAS-PC\Documents\Parametres\MODEL_GRACE\scripts\71-EXE_VDI_09.sql" STATUS="0" DESC="" />
    <SCRIPT NAME="71-DOE.sql" CONTENT="C:\Users\NICOLAS-PC\Documents\Parametres\MODEL_GRACE\scripts\71-DOE.sql" STATUS="1" DESC="" />
  </OPT_LST_SCRIPTS>
</SCENARIO>