no_type;ba_fr_num;ba_rf_code;ba_type;ba_nb_u;ba_haut;ba_larg;ba_prof;ti_fr_num;ti_rf_code;ti_type;ti_placemt;ti_taille;ti_capa;ti_k7_capa;ti_fonc;ti_comment;ps_num
SRO;2;RF91000000000004;BAIE;40;;;;1;RF91000000000005;TIROIR;4;4;144;24;TR;;TIROIR
SRO;2;RF91000000000004;BAIE;40;;;;2;RF91000000000005;TIROIR;8;4;144;24;TR;;TIROIR
SRO;2;RF91000000000004;BAIE;40;;;;3;RF91000000000005;TIROIR;12;4;144;24;DI;optionnel;TIROIR
SRO;2;RF91000000000004;BAIE;40;;;;4;RF91000000000005;TIROIR;16;4;144;24;DI;;TIROIR
SRO;2;RF91000000000004;BAIE;40;;;;5;RF91000000000005;TIROIR;20;4;144;24;DI;;TIROIR
SRO;2;RF91000000000004;BAIE;40;;;;6;RF91000000000005;TIROIR;24;4;144;24;DI;;TIROIR
SRO;2;RF91000000000004;BAIE;40;;;;7;RF91000000000005;TIROIR;28;4;144;24;DI;;TIROIR
SRO;2;RF91000000000004;BAIE;40;;;;8;RF91000000000005;TIROIR;32;4;144;24;DI;;TIROIR
SRO;2;RF91000000000004;BAIE;40;;;;9;RF91000000000005;TIROIR;36;4;144;24;DI;;TIROIR
SRO;2;RF91000000000004;BAIE;40;;;;10;RF91000000000005;TIROIR;40;4;144;24;DI;;TIROIR
SRO;2;RF91000000000003;BAIE;28;;;;1;RF91000000000005;TIROIR;4;4;144;24;TR;;TIROIR
SRO;2;RF91000000000003;BAIE;28;;;;2;RF91000000000005;TIROIR;8;4;144;24;TR;;TIROIR
SRO;2;RF91000000000003;BAIE;28;;;;3;RF91000000000005;TIROIR;12;4;144;24;DI;;TIROIR
SRO;2;RF91000000000003;BAIE;28;;;;4;RF91000000000005;TIROIR;16;4;144;24;DI;;TIROIR
SRO;2;RF91000000000003;BAIE;28;;;;5;RF91000000000005;TIROIR;20;4;144;24;DI;;TIROIR
SRO;2;RF91000000000003;BAIE;28;;;;6;RF91000000000005;TIROIR;24;4;144;24;DI;;TIROIR
SRO;2;RF91000000000003;BAIE;28;;;;7;RF91000000000005;TIROIR;28;4;144;24;DI;;TIROIR
NRO;1;RF91000000000002;BAIE;42;;;;1;RF91000000000005;TIROIR;4;4;144;24;TR;optionnel;TIROIR
NRO;1;RF91000000000002;BAIE;42;;;;2;RF91000000000005;TIROIR;8;4;144;24;TR;optionnel;TIROIR
NRO;1;RF91000000000002;BAIE;42;;;;3;RF91000000000005;TIROIR;12;4;144;24;TR;optionnel;TIROIR
NRO;1;RF91000000000002;BAIE;42;;;;4;RF91000000000005;TIROIR;16;4;144;24;TR;optionnel;TIROIR
NRO;1;RF91000000000002;BAIE;42;;;;5;RF91000000000005;TIROIR;20;4;144;24;TR;optionnel;TIROIR
NRO;1;RF91000000000002;BAIE;42;;;;6;RF91000000000005;TIROIR;24;4;144;24;TR;optionnel;TIROIR
NRO;1;RF91000000000002;BAIE;42;;;;7;RF91000000000005;TIROIR;28;4;144;24;TR;optionnel;TIROIR
NRO;1;RF91000000000002;BAIE;42;;;;8;RF91000000000005;TIROIR;32;4;144;24;TR;optionnel;TIROIR
NRO;1;RF91000000000002;BAIE;42;;;;9;RF91000000000005;TIROIR;36;4;144;24;TR;optionnel;TIROIR
NRO;1;RF91000000000002;BAIE;42;;;;10;RF91000000000005;TIROIR;40;4;144;24;TR;optionnel;TIROIR
NRO;2;RF91000000000002;BAIE;42;;;;1;RF91000000000005;TIROIR;4;4;144;24;TR;optionnel;TIROIR
NRO;2;RF91000000000002;BAIE;42;;;;2;RF91000000000005;TIROIR;8;4;144;24;TR;optionnel;TIROIR
NRO;2;RF91000000000002;BAIE;42;;;;3;RF91000000000005;TIROIR;12;4;144;24;TR;optionnel;TIROIR
NRO;2;RF91000000000002;BAIE;42;;;;4;RF91000000000005;TIROIR;16;4;144;24;TR;optionnel;TIROIR
NRO;2;RF91000000000002;BAIE;42;;;;5;RF91000000000005;TIROIR;20;4;144;24;TR;optionnel;TIROIR
NRO;2;RF91000000000002;BAIE;42;;;;6;RF91000000000005;TIROIR;24;4;144;24;TR;optionnel;TIROIR
NRO;2;RF91000000000002;BAIE;42;;;;7;RF91000000000005;TIROIR;28;4;144;24;TR;optionnel;TIROIR
NRO;2;RF91000000000002;BAIE;42;;;;8;RF91000000000005;TIROIR;32;4;144;24;TR;optionnel;TIROIR
NRO;2;RF91000000000002;BAIE;42;;;;9;RF91000000000005;TIROIR;36;4;144;24;TR;optionnel;TIROIR
NRO;2;RF91000000000002;BAIE;42;;;;10;RF91000000000005;TIROIR;40;4;144;24;TR;optionnel;TIROIR
NRO;3;RF91000000000002;BAIE;42;;;;1;RF91000000000005;TIROIR;4;4;144;24;TR;optionnel;TIROIR
NRO;3;RF91000000000002;BAIE;42;;;;2;RF91000000000005;TIROIR;8;4;144;24;TR;optionnel;TIROIR
NRO;3;RF91000000000002;BAIE;42;;;;3;RF91000000000005;TIROIR;12;4;144;24;TR;optionnel;TIROIR
NRO;3;RF91000000000002;BAIE;42;;;;4;RF91000000000005;TIROIR;16;4;144;24;TR;optionnel;TIROIR
NRO;3;RF91000000000002;BAIE;42;;;;5;RF91000000000005;TIROIR;20;4;144;24;TR;optionnel;TIROIR
NRO;3;RF91000000000002;BAIE;42;;;;6;RF91000000000005;TIROIR;24;4;144;24;TR;optionnel;TIROIR
NRO;3;RF91000000000002;BAIE;42;;;;7;RF91000000000005;TIROIR;28;4;144;24;TR;optionnel;TIROIR
NRO;3;RF91000000000002;BAIE;42;;;;8;RF91000000000005;TIROIR;32;4;144;24;TR;optionnel;TIROIR
NRO;3;RF91000000000002;BAIE;42;;;;9;RF91000000000005;TIROIR;36;4;144;24;TR;optionnel;TIROIR
NRO;3;RF91000000000002;BAIE;42;;;;10;RF91000000000005;TIROIR;40;4;144;24;TR;optionnel;TIROIR
