﻿<?xml version="1.0" encoding="utf-8"?>
<SCENARIO OPT_APD="false" OPT_APS="true" OPT_NAME_FORMAT="[TBL_PREFIX,2][PROJ_NAME,2][TYPE_REF,1][SRO_NAME,2][ENT_NUM,9]" OPT_NUM_START="655454541" OPT_NUM_STEP="1" OPT_PROJ_NAME="RIP19" OPT_PATH_TORG="" OPT_PATH_TREF="" SCEN_DESC="CORREZE" PATH_TORG="essai" SCEN_TITLE="COR19-APD" OPT_NRO_NAME="LAR">
  <OPT_LST_SCRIPTS>
    <SCRIPT NAME="noPTO.txt" CONTENT="F:\FBT_PROJETS\SCRIPTS GRACE\noPTO.txt" STATUS="1" DESC="" />
    <SCRIPT NAME="formatR3Code.txt" CONTENT="F:\FBT_PROJETS\SCRIPTS GRACE\formatR3Code.txt" STATUS="1" DESC="" />
    <SCRIPT NAME="formatR3Code.txt" CONTENT="C:\Users\NICOLAS-PC\Documents\Parametres\MODEL_GRACE\scripts\formatR3Code.txt" STATUS="0" DESC="" />
    <SCRIPT NAME="noPTO.txt" CONTENT="C:\Users\NICOLAS-PC\Documents\Parametres\MODEL_GRACE\scripts\noPTO.txt" STATUS="0" DESC="" />
    <SCRIPT NAME="COR-APS.txt" CONTENT="C:\Users\NICOLAS-PC\Documents\Parametres\MODEL_GRACE\scripts\COR-APS.txt" STATUS="0" DESC="" />
    <SCRIPT NAME="HerPostFormatAPS.sql" CONTENT="C:\Users\NICOLAS-PC\Documents\Parametres\MODEL_GRACE\scripts\HerPostFormatAPS.sql" STATUS="0" DESC="" />
    <SCRIPT NAME="HerPostFormatAPD.sql" CONTENT="C:\Users\NICOLAS-PC\Documents\Parametres\MODEL_GRACE\scripts\HerPostFormatAPD.sql" STATUS="1" DESC="" />
    <SCRIPT NAME="COR-APD.txt" CONTENT="C:\Users\NICOLAS-PC\Documents\Parametres\MODEL_GRACE\scripts\COR-APD.txt" STATUS="1" DESC="" />
  </OPT_LST_SCRIPTS>
</SCENARIO>