EQU;TYPE;POSE;CAPA;K7;DESIGN;FAB;FILE
BPEO-T0-S,BPEO-T0-A;PEC,PBO;*;12,24,36,48;12;BPEO-T0-S;;BPEO-T0
EVOL12-EDP-S,EVOL12-EDP-A;PEC;*;36,48,72,96,144;12;EVOL12-EDP-S;;EVOL12-EDP
T1-FDP-S;PBO;*;12,24,36,48,72,96,144;12;T1-FDP-S;;T1-FDP-S
T1-5-FDP-BR-S;PEC,PBO;*;12,24,36,48,72,96,144;12;T1-5-FDP-BR-S;;T1-5-FDP-BR-S
GC02-FR6-S,GC02-FR6-2;PEC;*;72,96,144,288;12;GC02-FR6-S;;GC02-FR6
GC02-FR6-1;PEC;*;72,96,144,288;12;GC02-FR6-1;;GC02-FR6-1
GC02-FR6-3;PEC;*;72,96,144,288,;12;GC02-FR6-3;;GC02-FR6-3
GC02-BC8-S;PEC;*;432,576;12;GC02-BC8-S;;GC02-BC8-S
GC02-BD8-S;PEC;*;720,432;12;GC02-BD8-S;;GC02-BD8-S
PBO-NG-T1-A;PBO;*;12,24,36,48;12;PBO-NG-T1-A;;
PBO-NG-T2-A;PBO;*;36,48,72,96,144;12;PBO-NG-T2-A;;
PBO-NG-T2-I;PEC;*;36,48,72,96,144;12;PBO-NG-T2-I;;
YxVERTHOR-I;;;12;;YxVERTHOR-I;;
OFDC;PEC,PBO;*;12,24,36,48;12;BPEO-T0-S;;BPEO-T0
BLACKBOX;*;*;*;*;BLACKBOX;;blackbox
T2;*;*;*;*;T2 CDP;;T2
T1 EDP;*;*;*;*;T1 EDP;;T1_EDP
PB Telenco;*;*;*;*;PB Telenco;;pb_telenco
T1 FDP;*;*;*;*;T1 FDP;;t1_fdp
T1.5 FDP;*;*;*;*;T1.5 FDP;;t1,5_fdp
