NOE_CAT;NOE_TYPE;NOE_POSE;NOE_USAGE;KEY
EQU;PBO,PB,PRE;POT-FT,POT,POT-AC;%;NOE_OR_PB_POT_FT
EQU;PBO,PB,PRE;POT-BT,POT-EL;%;NOE_OR_PB_POT_BT
EQU;PBO,PB,PRE;CHB,CHB-FT,CHB-AC,CHB-EX;%;NOE_OR_PB_CHB_ALL
EQU;PBO,PB,PRE;FAC;%;NOE_OR_PB_FAC
EQU;PBO,PB,PRE;IMM;%;NOE_OR_PB_IMM
EQU;PBR;IMM;%;NOE_OR_PBR_IMM
EQU;PBR;FAC;%;NOE_OR_PBR_FAC
EQU;PBR;CHB,CHB-FT,CHB-AC,CHB-EX;%;NOE_OR_PBR_CHB
EQU;PBR;POT-FT,POT,POT-AC;%;NOE_OR_PBR_POT_FT
EQU;PBR;POT-BT,POT-EL;%;NOE_OR_PBR_POT_BT
EQU;PA;%;%;NOE_OR_PA
EQU;PBO,PB,PBR,PRE;IMM;;NOE_OR_PB_IMM
EQU;PBO,BO,PB;;;NOE_PB
EQU;BPE,BE,PEC;POT,POT-FT,POT-BT,POT-EL;;NOE_BE_POT
EQU;BPE,BE,PEC;CHB,CHB-FT,CHB-AC,CHB-EX;;NOE_BE_CHB
EQU;BPE,BE,PEC;FAC;;NOE_BE_FAC
EQU;BPE,BE,PEC;IMM;;NOE_BE_IMM
EQU;BPE,BE,PEC;;;NOE_BE
EQU;PEP;%;%;NOE_OR_PEP
EQU;PM,SRO,PMZ;;;NOE_OR_PMZ
EQU;LRI,BAL,IMM,PAV,COL,ENT;;IND-HAB;NOE_LRI
EQU;LRI,BAL,IMM,PAV,COL,ENT;;COL,COL-HAB;NOE_LRI_COLHAB
EQU;LRI,BAL,IMM,PAV,COL,ENT;;COL-PRO;NOE_LRI_COLPRO
EQU;LRI,BAL,IMM,PAV,COL,ENT;;IND-PRO;NOE_LRI_INDPRO
EQU;LRI,BAL,IMM,PAV,COL,ENT;;;NOE_LRI
EQU;PDT;POT,POT-FT,POT-BT,POT-EL;;NOE_POT
EQU;PDT;CHB,CHB-FT,CHB-AC,CHB-EX;;NOE_CHB
EQU;PDT;POT,POT-FT,POT-BT,POT-EL;;NOE_POT
EQU;PDT;FAC;;NOE_FAC
LRI;%;%;IND-HAB;NOE_LRI
LRI;%;%;COL,COL-HAB;NOE_LRI_COLHAB
LRI;%;%;COL-PRO;NOE_LRI_COLPRO
LRI;%;%;IND-PRO;NOE_LRI_INDPRO
LRI;%;%;IND-FTTE;NOE_LRI_INDFTTE
LRI;%;%;COL-FTTE;NOE_LRI_COLFTTE
LRI;;;;NOE_LRI
EQU;;;;NOE_BE
EQU;NRO;%;%;NOE_OR_NRO
