capa;type;pose;name;expression;code;width;desc
%;RAC;AER;RAC_AER;[CAB_TYPE] = "RAC" and [CAB_POSE] = "AER";#6d8aa3;1;gray
%;RAC;FAC;RAC_FAC;[CAB_TYPE] = "RAC" and [CAB_POSE] = "FAC";#6d8aa3;1;gray
%;RAC;IMM;RAC_IMM;[CAB_TYPE] = "RAC" and [CAB_POSE] = "IMM";#6d8aa3;1;gray
%;RAC;FOU;RAC_FOU;[CAB_TYPE] = "RAC" and [CAB_POSE] = "FOU";#6d8aa3;1;gray
1;%;%;1fo;[CAB_CAPA] = 1 and [CAB_TYPE] <> "RAC";#6d8aa3;2;gray
6;%;%;6fo;[CAB_CAPA] = 6 and [CAB_TYPE]<>"RAC";#ff01cc;2;pink
12;%;%;12fo;[CAB_CAPA] = 12 and [CAB_TYPE] <> "RAC";#ffa200;2;orange
24;%;%;24fo;[CAB_CAPA] = 24 and [CAB_TYPE] <> "RAC";#0418fe;3;blue
36;%;%;36fo;[CAB_CAPA] = 36 and [CAB_TYPE] <> "RAC";#ff0000;3;red
48;%;%;48fo;[CAB_CAPA] = 48 and [CAB_TYPE] <> "RAC";#7d1be5;3;magenta
72;%;%;72fo;[CAB_CAPA] = 72 and [CAB_TYPE] <> "RAC";#d64340;3;darkorange
96;%;%;96fo;[CAB_CAPA] = 96 and [CAB_TYPE] <> "RAC";#ff01cc;3;pink
144;%;%;144fo;[CAB_CAPA] = 144 and [CAB_TYPE] <> "RAC";#8fed63;3;lightgreen
288;%;%;288fo;[CAB_CAPA] = 288 and [CAB_TYPE] <> "RAC";#01f3ff;4;lightblue
576;%;%;576fo;[CAB_CAPA] = 576 and [CAB_TYPE] <> "RAC";#426800;4;kaki
720;%;%;720fo;[CAB_CAPA] = 720 and [CAB_TYPE] <> "RAC";#ffdd01;4;yellow
432;%;%;432fo;[CAB_CAPA] = 432 and [CAB_TYPE] <> "RAC";#426800;4;kaki