PATH;CAT_NAME;EXPRESSION
noe\NOE_BE.png;;
noe\NOE_OR_PMZ.png;PMZ;[TYPE] = "PM" or [TYPE]="SRO" or  [TYPE]="PMZ"
noe\NOE_OR_NRO.png;OLT;[TYPE] = "NRO"
noe\NOE_OR_PEP.png;PEP;[TYPE] = "PEP"
noe\NOE_OR_PA.png;PEP;[TYPE] = "PA"
noe\NOE_OR_PB_POT_FT.png;PB_POTFT;([TYPE] = "PBO" or [TYPE] = "PRE") AND ([POSE] = "POT-FT" or [POSE] = "POT-AC")
noe\NOE_OR_PB_POT_BT.png;PB_POTBT;([TYPE] = "PBO" or [TYPE] = "PRE") AND ([POSE] = "POT-BT" or [POSE] = "POT-EL")
noe\NOE_OR_PB_CHB_ALL.png;PB_CHB;([TYPE] = "PBO" or [TYPE] = "PRE") AND [POSE] like "CHB%"
noe\NOE_OR_PB_FAC.png;PB_FAC;([TYPE] = "PBO" or [TYPE]="PBR" or [TYPE] = "PRE") AND [POSE] = "FAC"
noe\NOE_OR_PB_IMM.png;PB_POTBT;([TYPE] = "PBO" or [TYPE]="PBR" or [TYPE] = "PRE") AND [POSE] = "IMM"
noe\NOE_CHB.png;PDT;([TYPE] = "PDT") AND [POSE]=""
noe\NOE_CHB.png;PDT_CHB;([TYPE] = "PDT") AND ([POSE] like "%CHB%" OR [POSE] like "%PUG%")
noe\NOE_POT.png;PDT_POT;([TYPE] = "PDT") AND ([POSE] like "POT%" or [POSE] like "%POL%" OR [POSE] like "%POH%")
noe\NOE_IMM.png;PDT_IMM;([TYPE] = "PDT") AND [POSE] like "IMM%"
noe\NOE_FAC.png;PDT_FAC;([TYPE] = "PDT") AND [POSE] like "FAC%"
noe\NOE_lri.png;LRI;[NOE_TYPE] = "LRI" AND [NOE_USAGE]=""
noe\NOE_LRI.PNG;LRI_MIXTE;[NOE_TYPE] = "LRI" AND ([NOE_USAGE]="IND-HAB" OR [NOE_USAGE] like "%PAVI%" OR [NOE_USAGE] like "%MIXTE%")
noe\NOE_LRI_INDPRO.PNG;LRI_PRO;[NOE_TYPE] = "LRI" AND ([NOE_USAGE]="IND-PRO" OR [NOE_USAGE] like "%ENTREPRISE%")
noe\NOE_LRI_INDFTTE.PNG;LRI_FTTE;[NOE_TYPE] = "LRI" AND [NOE_USAGE]="IND-FTTE"
noe\NOE_LRI_COLHAB.PNG;LRI_COL_HAB;[NOE_TYPE] = "LRI" AND ([NOE_USAGE]="COL-HAB" OR [NOE_USAGE] like "%COLLECTIF%" OR [NOE_USAGE]="COL" )
noe\NOE_LRI_COLPRO.PNG;LRI_COL_PRO;[NOE_TYPE] = "LRI" AND [NOE_USAGE]="COL-PRO"
noe\NOE_LRI_COLFTTE.PNG;LRI_COL_FTTE;[NOE_TYPE] = "LRI" AND [NOE_USAGE]="COL-FTTE"
noe\NOE_OR_PBR_POT_FT.png;PBR_POTFT;([TYPE]="PBR") AND ([POSE] = "POT-FT" or [POSE] = "POT-AC")
noe\NOE_OR_PBR_POT_BT.png;PBR_POTBT;([TYPE]="PBR") AND ([POSE] = "POT-BT"or [POSE] = "POT-EL")
noe\NOE_OR_PBR_IMM.png;PBR_IMM;([TYPE]="PBR") AND [POSE] = "IMM"
noe\NOE_OR_PBR_FAC.png;PBR_FAC;([TYPE]="PBR") AND [POSE] = "FAC"
noe\NOE_OR_PBR_CHB.png;BPR_CHB;([TYPE]="PBR") AND [POSE] like "CHB%"