﻿<?xml version="1.0" encoding="utf-8"?>
<REQUETES NAME="LISTE">
  <REQUETE TITLE="Adresses D.E. =&gt; BAL">
update noeuds set street=(select adr_voie from import_bal where id=lri_key) where noe_type='LRI';
update noeuds set adrnum=(select adr_num from import_bal where id=lri_key) where noe_type='LRI';
	</REQUETE>
  <REQUETE TITLE="Classic - PT_codext =&gt; PDT">
update noeuds set numnoe=(select noe_codext from temp_infra_points where id=inf_key) where type='PDT';	
	</REQUETE>
  <REQUETE TITLE="Classic - inf_type/inf_mat =&gt; PDT">
update noeuds  set inf_mat=(select inf_mat from noeuds as noe2 where noe2.inf_mat not like'' and noe2.inf_mat is not null and noe2.inf_key = noeuds.inf_key);
update noeuds set pose=(select pose from noeuds as noe2 where noe2.pose not like '' and noe2.pose is not null and noe2.inf_key = noeuds.inf_key);
</REQUETE>
  <REQUETE TITLE="Auvergne - Maj info capa K7">-- Maj capa k7
update noeuds set mat_k7_cap = 12 where noe_type='EQU' and type&lt;&gt;'PDT' and substr(pose,1,3)&lt;&gt;'POT';
update noeuds set mat_k7_cap = 6 where noe_type='EQU' and type&lt;&gt;'PDT' and substr(pose,1,3)='POT';</REQUETE>
  <REQUETE TITLE="Auvergne - Maj info reference materiel">-- PBO,PRE,PBR
update noeuds set equipment = 'Blackbox', capacity = 36 where substr(pose,1,3)='CHB' and type in ('PBR','PBO','PRE');
update noeuds set equipment = 'PB Telenco', capacity = 48 where substr(pose,1,3) in ('POT','FAC') and type in ('PBR','PBO','PRE');
update noeuds set equipment = 'PB imb', capacity = 48  where substr(pose,1,3) in ('IMM') and type in ('PBR','PBO','PRE','PEP') and NBLR&gt;0;

-- PEP sout + câble de passage =&lt;36FO : Black box 
update noeuds set equipment = 'Blackbox', capacity = 36 where substr(pose,1,3)='CHB' and type in ('PEP') 
and (select cab_capa from cables where cab_id=cab_amont_key)&lt;=36
and (posoncab&gt;1 and posoncab&lt;(select max(posoncab) from noeuds as n2 where n2.cab_amont_key=cab_amont_key))
and (select count(noeid) from noeuds as n3 where n3.cab_amont_key=cab_amont_key and type&lt;&gt;'PDT')&gt;1;

-- PEP aer/fac + câble de passage =&lt;48FO : Telenco
update noeuds set equipment = 'Telenco', capacity = 48 where substr(pose,1,3)in('POT','FAC') and type in ('PEP') 
and (select cab_capa from cables where cab_id=cab_amont_key)&lt;=48
and (posoncab&gt;1 and posoncab&lt;(select max(posoncab) from noeuds as n2 where n2.cab_amont_key=cab_amont_key))
and (select count(noeid) from noeuds as n3 where n3.cab_amont_key=cab_amont_key and type&lt;&gt;'PDT')&gt;1;

-- autre PEP
update noeuds set equipment = 'T2', capacity = 144  where substr(pose,1,3)in('POT','FAC','CHB') and type in ('PEP') and (equipment is null or equipment='');
update noeuds set equipment = 'T2', capacity = 144  where type='PA';</REQUETE>
</REQUETES>