CAB_CAPA;CAB_POSE;CAB_TYPE;CAD_LAYER
12;FOU;*;1 - 012Fo Conduite
24;FOU;*;1 - 024Fo Conduite
36;FOU;*;1 - 036Fo Conduite
48;FOU;*;1 - 048Fo Conduite
72;FOU;*;1 - 072Fo Conduite
96;FOU;*;1 - 096Fo Conduite
144;FOU;*;1 - 144Fo Conduite
288;FOU;*;1 - 288Fo Conduite
432;FOU;*;1 - 432Fo Conduite
576;FOU;*;1 - 576Fo Conduite
720;FOU;*;1 - 720Fo Conduite
12;AER;*;2 - 012Fo Aerien
24;AER;*;2 - 024Fo Aerien
36;AER;*;2 - 036Fo Aerien
48;AER;*;2 - 048Fo Aerien
72;AER;*;2 - 072Fo Aerien
96;AER;*;2 - 096Fo Aerien
144;AER;*;2 - 144Fo Aerien
288;AER;*;2 - 288Fo Aerien
432;AER;*;2 - 432Fo Aerien
576;AER;*;2 - 576Fo Aerien
720;AER;*;2 - 720Fo Aerien
12;AER;*;3 - 012Fo Facade
24;AER;*;3 - 024Fo Facade
36;AER;*;3 - 036Fo Facade
48;AER;*;3 - 048Fo Facade
72;AER;*;3 - 072Fo Facade
96;AER;*;3 - 096Fo Facade
144;AER;*;3 - 144Fo Facade
288;AER;*;3 - 288Fo Facade
432;AER;*;3 - 432Fo Facade
576;AER;*;3 - 576Fo Facade
720;AER;*;3 - 720Fo Facade
12;IMM;*;4 - 012Fo Interieur
24;IMM;*;4 - 024Fo Interieur
36;IMM;*;4 - 036Fo Interieur
48;IMM;*;4 - 048Fo Interieur
72;IMM;*;4 - 072Fo Interieur
96;IMM;*;4 - 096Fo Interieur
144;IMM;*;4 - 144Fo Interieur
288;IMM;*;4 - 288Fo Interieur
432;IMM;*;4 - 432Fo Interieur
576;IMM;*;4 - 576Fo Interieur
720;IMM;*;4 - 720Fo Interieur
*;*;RAC;Raccordement
