EQU;TYPE;CAPA;K7;DESIGN;FAB;FILE
;BPE;48;4;OUTDROP;Nexans;OUTDROP
BPI;BPI;144;3;NEXANS BPI 144;Nexans;NEXANS_BPI_144
BPI;BPI;144;12;BAIE OU BPI;Nexans;NEXANS_BPI_144
BPI;BPI;144;12;BAIE OU BPI;Nexans;NEXANS_BPI_144
BPI;BPI;144;12;BAIE OU BPI;Nexans;NEXANS_BPI_144
OFMC-I8-S48-FR05;PBO;48;1;OFMC;Tyco;OFMC
OFDC-B8-S36-2NN-8;PBO;72;2;OFDC;Tyco;OFDC
DOME 1;BPE;300;25;FIST GCO2-BC6;Tyco;FIST_GCO2-BX_7X_ROND
OFMC-I8-S48-FR05;BPE;48;1;OFMC;Tyco;OFMC
OFDC-B8-S36-2NN-8;BPE;72;2;OFDC;Tyco;OFDC
FIST-GCO2-BC8-O672-FR14;BPE;672;56;FIST-GCO2-BC8-O672-FR14;Tyco;FIST_GCO2-BX_7X_ROND
FIST-GCO2-FR6-0144-FR11;BPE;144;12;FIST-GCO2-FR6-0144-FR11;Tyco;FIST_GCO2-FX_7X
FIST-GCO2-FR6-0288-FR11;BPE;288;24;FIST-GCO2-FR6-0288-FR11;Tyco;FIST_GCO2-FX_7X
FIST-GCO2-BD8-J864-FR14;BPE;864;72;FIST-GCO2-BD8-J864-FR14;Tyco;FIST-GCO2-BD8-J864-FR14
FIST-GCO2-FR6-0144-FR11;PBO;144;12;FIST-GCO2-FR6-0144-FR11;Tyco;FIST_GCO2-FX_7X
FIST-GCO2-FR6-0288-FR11;PBO;288;24;FIST-GCO2-FR6-0288-FR11;Tyco;FIST_GCO2-FX_7X
FIST-BD-2-FR05;PBO;48;4;FIST-BD-2-FR05;Tyco;FIST-BD
N501733A;PBO;48;4;N501733A;3M;N501733A
FIST-BD-2-FR05;BPE;48;4;FIST-BD-2-FR05;Tyco;FIST-BD
N501733A;BPE;48;4;N501733A;3M;N501733A
TENIO B8;PBO;144;12;TENIO B8;Tyco;
TENIO B8;BPE;144;12;TENIO B8;Tyco;
