name;expression;code;width;desc
RAC;[CAB_TYPE] = "RAC";#70AD3E;2;lawgreen
12fo;[CAB_CAPA] = 12 and [CAB_TYPE] <> "RAC";#FF0000;2;red
24fo;[CAB_CAPA] = 24 and [CAB_TYPE] <> "RAC";#CD853F;3;peru
36fo;[CAB_CAPA] = 36 and [CAB_TYPE] <> "RAC";#006400;3;darkgreen
48fo;[CAB_CAPA] = 48 and [CAB_TYPE] <> "RAC";#FF00FF;3;magenta
72fo;[CAB_CAPA] = 72 and [CAB_TYPE] <> "RAC";#FF8C00;3;darkorange
96fo;[CAB_CAPA] = 96 and [CAB_TYPE] <> "RAC";#FFA500;3;orange
144fo;[CAB_CAPA] = 144 and [CAB_TYPE] <> "RAC";#0000FF;3;blue
288fo;[CAB_CAPA] = 288 and [CAB_TYPE] <> "RAC";#8B4513;4;saddlebrown
576fo;[CAB_CAPA] = 576 and [CAB_TYPE] <> "RAC";#008000;4;green
720fo;[CAB_CAPA] = 720 and [CAB_TYPE] <> "RAC";#87CEEB;4;skyblue
576fo;[CAB_CAPA] = 576 and [CAB_TYPE] <> "RAC";#EE82EE;4;violet
