num;pos;code;text;name;gif
2;1;#4572C3;#FFFFFF;Blue;FibBleu.gif
7;2;#C55A11;#000000;Orange;FibOrange.gif
3;3;#00AF50;#000000;Green;FibVert.gif
9;4;#815D04;#FFFFFF;Brown;FibMarron.gif
8;5;#595959;#FFFFFF;Slate;FibGris.gif
6;6;#BFBFBF;#000000;White;FibBlanc.gif
1;7;#FF0000;#FFFFFF;Red;FibRouge.gif
10;8;#000000;#FFFFFF;Black;FibNoir.gif
4;9;#FFFF00;#000000;Yellow;FibJaune.gif
5;10;#7030A0;#FFFFFF;Violet;FibViolet.gif
12;11;#ED1ECE;#000000;Rose;FibRose.gif
11;12;#01B0F1;#000000;Aqua;FibTurquoise.gif
