eq_status;eq_type;eq_pose;eq_capa;eq_modulo;eq_mat;bp_ca_nb;rf_code;rf_type;rf_fabric;rf_design;rf_etat;rf_comment;rf_creadat;rf_majdate;rf_majsrc;rf_abddate;rf_abdsrc
1;NRO;SHE;*;*;;;RF000000000001;BA;OR000000000001;SHELTER 19 POUCES 42U - NRO;;;2024-07-01;;;;
1;SRO;ARM,ADR;*;*;;;RF000000000002;BA;OR000000000001;ARMOIRE DE RUE 2 x 28U - SRO;;GRL009170A;2024-07-01;;;;
1;SRO;ARM,ADR;*;*;;;RF000000000003;BA;OR000000000001;ARMOIRE DE RUE 2 x 40U - SRO;;GRL010085A;2024-07-01;;;;
;;;;;;;RF000000000004;BP;OR000000000004;BPE 576 fo - FIST GCO2-FLAT-HD/SHD;;;2024-07-01;;;;
1;PEC,BPE;CHB;432;;;;RF000000000005;BP;OR000000000004;BPE 432 fo - FIST GCO2-BC8;;;2024-07-01;;;;
1;PEC,BPE;CHB;576;;;;RF000000000006;BP;OR000000000004;BPE 672 fo - FIST GCO2-BD8;;;2024-07-01;;;;
1;PEC,BPE;CHB;720;;;;RF000000000007;BP;OR000000000004;BPE 960 fo - FIST GCO2-BE8;;;2024-07-01;;;;
1;PEC,BPE;CHB,POT;96,144;;;;RF000000000008;BP;OR000000000004;BPE 144 fo - TENIO T1;;;2024-07-01;;;;
1;PEC,BPE;CHB;288;;;;RF000000000009;BP;OR000000000004;BPE 288 fo - TENIO T2;;;2024-07-01;;;;
1;PBO;IMM;12,24,36,48,72;;;;RF000000000010;BP;OR000000000005;PBO 24 fo - IMMEUBLE ELINE;;;2024-07-01;;;;
1;PEC,BPE,PBO;CHB;48,72,96,144;;;;RF000000000011;BP;OR000000000034;PBO - MANCHON;;;2024-07-01;;;;
1;PEC,BPE,PBO;CHB;12,24,36;;;;RF000000000012;BP;OR000000000034;PBO - MICRO MANCHON;;;2024-07-01;;;;
1;PEC,BPE,PBO;POT,FAC;12,24,36,48,72;;;;RF000000000013;BP;OR000000000006;PBO 48 fo - IP55 - POTEAU / IMMEUBLE / FACADE;;;2024-07-01;;;;
;;;;;;;RF000000000014;BP;OR000000000006;PBO 72 fo - IP55 - POTEAU / IMMEUBLE / FACADE;;;2024-07-01;;;;
1;PEC,BPE,PBO;POT,FAC,IMM;96,144;;;;RF000000000015;BP;OR000000000006;PBO 144 fo - IP55 - POTEAU / IMMEUBLE / FACADE;;;2024-07-01;;;;
1;CDI;FOU;432;12;;;RF000000000016;CA;OR000000000002;CABLE SOUTERRAIN - 432MOD12 - PRYSMIAN - TC04690;;TC04690;2024-07-01;;;;
1;CDI;FOU;576;12;;;RF000000000017;CA;OR000000000002;CABLE SOUTERRAIN - 576MOD12 - PRYSMIAN - TC04690;;TC04690;2024-07-01;;;;
1;CDI;FOU;720;12;;;RF000000000018;CA;OR000000000002;CABLE SOUTERRAIN - 720MOD12 - PRYSMIAN - TC04690;;TC04690;2024-07-01;;;;
1;CDI;FOU;864;12;;;RF000000000019;CA;OR000000000002;CABLE SOUTERRAIN - 864MOD12 - PRYSMIAN - TC04690;;TC04690;2024-07-01;;;;
1;CDI;FOU;12;12;;;RF000000000020;CA;OR000000000002;CABLE SOUTERRAIN - 12MOD12 - PRYSMIAN - TV08751;;TV08751;2024-07-01;;;;
1;CDI;FOU;24;12;;;RF000000000021;CA;OR000000000002;CABLE SOUTERRAIN - 24MOD12 - PRYSMIAN - TV08751;;TV08751;2024-07-01;;;;
1;CDI;FOU;36;12;;;RF000000000022;CA;OR000000000002;CABLE SOUTERRAIN - 36MOD12 - PRYSMIAN - TV08751;;TV08751;2024-07-01;;;;
1;CDI;FOU;48;12;;;RF000000000023;CA;OR000000000002;CABLE SOUTERRAIN - 48MOD12 - PRYSMIAN - TV08751;;TV08751;2024-07-01;;;;
1;CDI;FOU;72;12;;;RF000000000024;CA;OR000000000002;CABLE SOUTERRAIN - 72MOD12 - PRYSMIAN - TV08751;;TV08751;2024-07-01;;;;
1;CDI;FOU;96;12;;;RF000000000025;CA;OR000000000002;CABLE SOUTERRAIN - 96MOD12 - PRYSMIAN - TV08751;;TV08751;2024-07-01;;;;
1;CDI;FOU;144;12;;;RF000000000026;CA;OR000000000002;CABLE SOUTERRAIN - 144MOD12 - PRYSMIAN - TV08751;;TV08751;2024-07-01;;;;
1;CDI;FOU;288;12;;;RF000000000027;CA;OR000000000002;CABLE SOUTERRAIN - 288MOD12 - PRYSMIAN - TV08751;;TV08751;2024-07-01; ;;;
;;;;;;;RF000000000028;CA;OR000000000002;CABLE SOUTERRAIN - 6MOD6 - PRYSMIAN - TV08750;;TV08750;2024-07-01;;;;
;;;;;;;RF000000000029;CA;OR000000000002;CABLE SOUTERRAIN - 12MOD6 - PRYSMIAN - TV08750;;TV08750;2024-07-01;;;;
;;;;;;;RF000000000030;CA;OR000000000002;CABLE SOUTERRAIN - 24MOD6 - PRYSMIAN - TV08750;;TV08750;2024-07-01;;;;
;;;;;;;RF000000000031;CA;OR000000000002;CABLE SOUTERRAIN - 36MOD6 - PRYSMIAN - TV08750;;TV08750;2024-07-01;;;;
;;;;;;;RF000000000032;CA;OR000000000002;CABLE SOUTERRAIN - 48MOD6 - PRYSMIAN - TV08750;;TV08750;2024-07-01;;;;
;;;;;;;RF000000000033;CA;OR000000000002;CABLE SOUTERRAIN - 72MOD6 - PRYSMIAN - TV08750;;TV08750;2024-07-01;;;;
;;;;;;;RF000000000034;CA;OR000000000002;CABLE SOUTERRAIN - 96MOD6 - PRYSMIAN - TV08750;;TV08750;2024-07-01;;;;
;;;;;;;RF000000000035;CA;OR000000000002;CABLE SOUTERRAIN - 144MOD6 - PRYSMIAN - TV08750;;TV08750;2024-07-01;;;;
;;;;;;;RF000000000036;CA;OR000000000002;CABLE AERIEN - 6MOD6 - PRYSMIAN - TV08925;;TV08925;2024-07-01;;;;
;;;;;;;RF000000000037;CA;OR000000000002;CABLE AERIEN - 12MOD6 - PRYSMIAN - TV08925;;TV08925;2024-07-01;;;;
;;;;;;;RF000000000038;CA;OR000000000002;CABLE AERIEN - 24MOD6 - PRYSMIAN - TV08925;;TV08925;2024-07-01;;;;
;;;;;;;RF000000000039;CA;OR000000000002;CABLE AERIEN - 36MOD6 - PRYSMIAN - TV08925;;TV08925;2024-07-01;;;;
;;;;;;;RF000000000040;CA;OR000000000002;CABLE AERIEN - 48MOD6 - PRYSMIAN - TV08925;;TV08925;2024-07-01;;;;
;;;;;;;RF000000000041;CA;OR000000000002;CABLE AERIEN - 72MOD6 - PRYSMIAN - TV08925;;TV08925;2024-07-01;;;;
;;;;;;;RF000000000042;CA;OR000000000002;CABLE AERIEN - 96MOD6 - PRYSMIAN - TV08925;;TV08925;2024-07-01;;;;
;;;;;;;RF000000000043;CA;OR000000000002;CABLE AERIEN - 144MOD6 - PRYSMIAN - TV08925;;TV08925;2024-07-01;;;;
1;CDI;AER;12;12;;;RF000000000044;CA;OR000000000002;CABLE AERIEN - 12MOD12 - PRYSMIAN - TV08924;;TV08924;2024-07-01;;;;
1;CDI;AER;24;12;;;RF000000000045;CA;OR000000000002;CABLE AERIEN - 24MOD12 - PRYSMIAN - TV08924;;TV08924;2024-07-01;;;;
1;CDI;AER;36;12;;;RF000000000046;CA;OR000000000002;CABLE AERIEN - 36MOD12 - PRYSMIAN - TV08924;;TV08924;2024-07-01;;;;
1;CDI;AER;48;12;;;RF000000000047;CA;OR000000000002;CABLE AERIEN - 48MOD12 - PRYSMIAN - TV08924;;TV08924;2024-07-01;;;;
1;CDI;AER;72;12;;;RF000000000048;CA;OR000000000002;CABLE AERIEN - 72MOD12 - PRYSMIAN - TV08924;;TV08924;2024-07-01;;;;
1;CDI;AER;96;12;;;RF000000000049;CA;OR000000000002;CABLE AERIEN - 96MOD12 - PRYSMIAN - TV08924;;TV08924;2024-07-01;;;;
1;CDI;AER;144;12;;;RF000000000050;CA;OR000000000002;CABLE AERIEN - 144MOD12 - PRYSMIAN - TV08924;;TV08924;2024-07-01;;;;
;;;;;;;RF000000000051;CA;OR000000000002;CABLE IMMEUBLE - 24MOD6 - PRYSMIAN - TF601D;;TF601D;2024-07-01;;;;
;;;;;;;RF000000000052;CA;OR000000000002;CABLE IMMEUBLE - 36MOD6 - PRYSMIAN - TF601D;;TF601D;2024-07-01;;;;
;;;;;;;RF000000000053;CA;OR000000000002;CABLE IMMEUBLE - 48MOD6 - PRYSMIAN - TF601D;;TF601D;2024-07-01;;;;
;;;;;;;RF000000000054;CA;OR000000000002;CABLE IMMEUBLE - 72MOD6 - PRYSMIAN - TF601D;;TF601D;2024-07-01;;;;
;;;;;;;RF000000000055;CA;OR000000000002;CABLE IMMEUBLE - 96MOD6 - PRYSMIAN - TF601D;;TF601D;2024-07-01;;;;
;;;;;;;RF000000000056;CA;OR000000000002;CABLE IMMEUBLE - 144MOD6 - PRYSMIAN - TF601D;;TF601D;2024-07-01;;;;
1;CDI;IMM;24;12;;;RF000000000057;CA;OR000000000002;CABLE IMMEUBLE - 24MOD12 - PRYSMIAN - TF601G;;TF601G;2024-07-01;;;;
1;CDI;IMM;36;12;;;RF000000000058;CA;OR000000000002;CABLE IMMEUBLE - 36MOD12 - PRYSMIAN - TF601G;;TF601G;2024-07-01;;;;
1;CDI;IMM;48;12;;;RF000000000059;CA;OR000000000002;CABLE IMMEUBLE - 48MOD12 - PRYSMIAN - TF601G;;TF601G;2024-07-01;;;;
1;CDI;IMM;72;12;;;RF000000000060;CA;OR000000000002;CABLE IMMEUBLE - 72MOD12 - PRYSMIAN - TF601G;;TF601G;2024-07-01;;;;
1;CDI;IMM;96;12;;;RF000000000061;CA;OR000000000002;CABLE IMMEUBLE - 96MOD12 - PRYSMIAN - TF601G;;TF601G;2024-07-01;;;;
1;CDI;IMM;144;12;;;RF000000000062;CA;OR000000000002;CABLE IMMEUBLE - 144MOD12 - PRYSMIAN - TF601G;;TF601G;2024-07-01;;;;
1;TRA,COL;FOU;12;12;;;RF000000000063;CA;OR000000000033;CABLE TRANSPORT - 12MOD12 - TKF;;;2024-07-01;;;;
1;TRA,COL;FOU;24;12;;;RF000000000064;CA;OR000000000033;CABLE TRANSPORT - 24MOD12 - TKF;;;2024-07-01;;;;
1;TRA,COL;FOU;48;12;;;RF000000000065;CA;OR000000000033;CABLE TRANSPORT - 48MOD12 - TKF;;;2024-07-01;;;;
1;TRA,COL;FOU;72;12;;;RF000000000066;CA;OR000000000033;CABLE TRANSPORT - 72MOD12 - TKF;;;2024-07-01;;;;
1;TRA,COL;FOU;96;12;;;RF000000000067;CA;OR000000000033;CABLE TRANSPORT - 96MOD12 - TKF;;;2024-07-01;;;;
1;TRA,COL;FOU;144;12;;;RF000000000068;CA;OR000000000033;CABLE TRANSPORT - 144MOD12 - TKF;;;2024-07-01;;;;
1;TRA,COL;FOU;288;12;;;RF000000000069;CA;OR000000000033;CABLE TRANSPORT - 288MOD12 - TKF;;;2024-07-01;;;;
1;TRA,COL;FOU;432;12;;;RF000000000070;CA;OR000000000033;CABLE TRANSPORT - 432MOD12 - TKF;;;2024-07-01;;;;
1;TRA,COL;FOU;720;12;;;RF000000000071;CA;OR000000000033;CABLE TRANSPORT - 720MOD12 - TKF;;;2024-07-01;;;;
1;NRO,SRO;SHE,ARM,CHB,ADR;144;*;;;RF000000000072;TI;OR000000000003;TIROIR 144FO 3U - NRO/SRO;;ITOM_V2-144 3U;2024-07-01;;;;
1;NRO,SRO;SHE,ARM,CHB,ADR;96;*;;;RF000000000073;TI;OR000000000003;TIROIR 96FO 2U - NRO/SRO;;ITOM_V2-96 2U;2024-07-01;;;;
1;NRO,SRO;SHE,ARM,CHB,ADR;48;*;;;RF000000000074;TI;OR000000000003;TIROIR 48FO 1U - NRO/SRO;;ITOM_V2-48 1U;2024-07-01;;;;
;;;;;;;RF000000000075;CS;OR000000000004;CASSETTE 12;;;2024-07-01;;;;
;;;;;;;RF000000000076;CS;OR000000000004;CASSETTE 24;;;2024-07-01;;;;
;;;;;;;RF000000000077;CS;OR000000000004;CASSETTE 36;;;2024-07-01;;;;
;;;;;;;RF000000000078;CS;OR000000000004;CASSETTE 8;;;2024-07-01;;;;
;;;;;;;RF000000000079;CS;OR000000000004;CASSETTE 4;;;2024-07-01;;;;
;;;;;;;RF000000000080;CS;OR000000000004;FDB 720;;;2024-07-01;;;;
