or_code;or_siren;or_nom;or_type;or_activ;or_l331;or_siret;or_nometab;or_ad_code;or_nomvoie;or_numero;or_rep;or_local;or_postal;or_commune;or_telfixe;or_mail;or_comment;or_creadat;or_majdate;or_majsrc;or_abddate;or_abdsrc
OR000000000001;;GROLLEAU;;;;;;;RUE DU MOULIN DE LA BAIE;"0";;;"49310";MONTILLIERS;;;;2025-08-29 01:23:48;;;;
OR000000000002;;PRYSMIAN;;;;;;;ALLEE HENDRIX LORENTZ;"0";;;"77420";CHAMPS SUR MARNE;;;;2025-08-29 01:23:48;;;;
OR000000000003;;ACOME;;;;;;;RUE DU MONTPARNASSE;"0";;;"75014";PARIS;;;;2025-08-29 01:23:48;;;;
OR000000000004;;COMMSCOPE;;;;;;;PLACE DES VOSGES;"0";;;"92400";COURBEVOIE;;;;2025-08-29 01:23:48;;;;
OR000000000005;;TELENCO;;;;;;;AVENUE GEORGES CLEMENCEAU;"0";;;"92000";NANTERRE;"184202611";;;2025-08-29 01:23:48;;;;
OR000000000006;;OMELCOM;;;;;;;RUE DE LA OUTARDE;"0";;;"1500";CHATEAU GAILLARD;;;;2025-08-29 01:23:48;;;;
OR000000000007;;EVICOM 2000;;;;;;;GRAND RUE;"0";;;"54650";SAULNES;;;;2025-08-29 01:23:48;;;;
OR000000000008;;ENEDIS-DRLARO- MH LANGUEDOC-ROUSSILLON;;;;;;;RUE DE VERDUN;"0";;;"30900";NIMES;"466599418";;;2025-08-29 01:23:48;;;;
OR000000000009;;ORANGE-K2 LANGUEDOC ROUSSILLON - SERVICE DICT;;;;;;;BP TSA 70011;"0";;;"69134";DARDILLY;"328300440";;;2025-08-29 01:23:48;;;;
OR000000000010;;SNCF;;;;;;;TERRASSE BELLINI;"0";;;"92807";PUTEAUX;"142916742";;;2025-08-29 01:23:48;;;;
OR000000000011;;GRDF-DIRECTION RESEAUX MEDITERRANEE;;;;;;;AVENUE SAINT JEROME;"0";;;"13182";AIX EN PROVENCE;;;;2025-08-29 01:23:48;;;;
OR000000000012;;SIEVH;;;;;;;TSA 70011;"0";;;"69134";DARDILLY;"467252829";;;2025-08-29 01:23:48;;;;
OR000000000013;;NEXANS;;;;;;;AVENUE JEAN JAURES;"0";;;"8330";VRIGNE AUX BOIS;;;;2025-08-29 01:23:48;;;;
OR000000000014;;CABLESCOM;;;;;;;;"0";;;NR;NR;;;;2025-08-29 01:23:48;;;;
OR000000000015;;GENERAL CABLE;;;;;;;;"0";;;"77420";CHAMPS SUR MARNE;;;;2025-08-29 01:23:48;;;;
OR000000000016;;LS CABLE;;;;;;;;"0";;;"75008";PARIS;;;;2025-08-29 01:23:48;;;;
OR000000000017;;STERLITE;;;;;;;;"0";;;"75016";PARIS;;;;2025-08-29 01:23:48;;;;
OR000000000018;;3M;;;;;;;;"0";;;"95000";CERGY;;;;2025-08-29 01:23:48;;;;
OR000000000019;;TYCO;;;;;;;VOIE D ANGLETERRE;"0";;"5";"13127";VITROLLES;"437532727";;;2025-08-29 01:23:48;;;;
OR000000000020;;INDETERMINE;;;;;;;INDETERMINE;"0";;;INDETERMINE;INDETERMINE;INDETERMINE;;;2025-08-29 01:23:48;;;;
OR000000000021;;PRIVE;;;;;;;PRIVE;"0";;;PRIVE;PRIVE;PRIVE;;;2025-08-29 01:23:48;;;;
OR000000000022;;TETRADIS;;;;;;;RUE DU MOLLARET;"0";;"1";"38070";SAINT QUENTIN FALLAVIER;"474953986";;;2025-08-29 01:23:48;;;;
OR000000000023;;EIGHT TRADING;;;;;;;RUE PAUL TAVERNIER;"0";;;"77300";FONTAINEBLEAU;"675855779";;;2025-08-29 01:23:48;;;;
OR000000000024;;MAIRIE DE TIERCELET;;;;;;;RUE EMILE ZOLA;"0";;;"54190";TIERCELET;;;;2025-08-29 01:23:48;;;;
OR000000000025;;MAIRIE DE HUSSIGNY GODBRANGE;;;;;;;RUE MARECHAL FOCH;"0";;;"54590";HUSSIGNY GODBRANGE;;;;2025-08-29 01:23:48;;;;
OR000000000026;;MAIRIE DE HAUCOURT MOULAINE;;;;;;;RUE LOUIS PASTEUR;"0";;;"54860";HAUCOURT MOULAINE;;;;2025-08-29 01:23:48;;;;
OR000000000027;;MAIRIE DE MEXY;;;;;;;RUE JULES FERRY;"0";;;"54135";MEXY;;;;2025-08-29 01:23:48;;;;
OR000000000028;;MAIRIE DE LONGWY;;;;;;;AVENUE DE LA GRANDE DUCHESSE CHARLOTTE;"0";;;"54400";LONGWY;;;;2025-08-29 01:23:48;;;;
OR000000000029;;MAIRIE DE SAULNES;;;;;;;RUE DE LONGWY;"0";;;"54650";SAULNES;;;;2025-08-29 01:23:48;;;;
OR000000000030;;MAIRIE DE MONT SAINT MARTIN;;;;;;;BOULEVARD DU 8 MAI 1945;"0";;;"54350";MONT SAINT MARTIN;;;;2025-08-29 01:23:48;;;;
OR000000000031;;MAIRIE DE HERSERANGE;;;;;;;PLACE VICTOR ZAFFAGNI;"0";;;"54400";HERSERANGE;;;;2025-08-29 01:23:48;;;;
OR000000000032;;MAIRIE DE LONGLAVILLE;;;;;;;PLACE DU 24 JUILLET 1897;"0";;;"54810";LONGLAVILLE;;;;2025-08-29 01:23:48;;;;
OR000000000033;;TKF;;;;;;;NR;"0";;;NR;NR;;;;2025-08-29 01:23:48;;;;
OR000000000034;;CORNING;;;;;;;NR;"0";;;NR;NR;;;;2025-08-29 01:23:48;;;;
OR000000000035;;MEMONET;;;;;;;NR;"0";;;NR;NR;;;;2025-08-29 01:23:48;;;;
