PATH;CAT_NAME;EXPRESSION
noe\NOE_BE.png;;
noe\NOE_PM20.png;PM;[TYPE] = "PM" or [TYPE]="SRO"
noe\NOE_OLT.png;OLT;[TYPE] = "OLT"
noe\NOE_FDN.png;FDN;[TYPE] = "FDN"
noe\NOE_FAT_OHE.png;FAT_OHE;[TYPE] = "FAT_OHE"
noe\NOE_FAT_OHM.png;FAT_OHM;[TYPE] = "FAT_OHM"
noe\NOE_FAT_UGE.png;FAT_UGE;[TYPE] = "FAT_UGE"
noe\NOE_FAT_UGM.png;FAT_UGM;[TYPE] = "FAT_UGM"
noe\NOE_FAT_OHJ.png;FAT_OHJ;[TYPE] = "FAT_OHJ"
noe\NOE_FAT_UGJ.png;FAT_UGJ;[TYPE] = "FAT_UGJ"
noe\NOE_BE.png;BPE;([TYPE] = "BPE" or [TYPE] = "PEC") AND [POSE] = ""
noe\NOE_BE_CHB.png;BPE_CHB;([TYPE] = "BPE" or [TYPE] = "PEC") AND [POSE] like "CHB%"
noe\NOE_BE_POT.png;BPE_POT;([TYPE] = "BPE" or [TYPE] = "PEC") AND [POSE] like "POT%"
noe\NOE_BE_IMM.png;BPE_IMM;([TYPE] = "BPE" or [TYPE] = "PEC") AND [POSE] like "IMM%"
noe\NOE_BE_FAC.png;BPE_FAC;([TYPE] = "BPE" or [TYPE] = "PEC") AND [POSE] like "FAC%"
noe\NOE_CHB.png;PDT;([TYPE] = "PDT") AND [POSE]=""
noe\NOE_CHB.png;PDT_CHB;([TYPE] = "PDT") AND ([POSE] like "%CHB%" OR [POSE] like "%PUG%")
noe\NOE_POT.png;PDT_POT;([TYPE] = "PDT") AND ([POSE] like "POT%" or [POSE] like "%POL%" OR [POSE] like "%POH%")
noe\NOE_IMM.png;PDT_IMM;([TYPE] = "PDT") AND [POSE] like "IMM%"
noe\NOE_FAC.png;PDT_FAC;([TYPE] = "PDT") AND [POSE] like "FAC%"
noe\NOE_PB_CHB.png;PBO;([TYPE] = "PBO" or [TYPE] = "PB") AND [POSE]=""
noe\NOE_PB_CHB.png;PBO_CHB;([TYPE] = "PBO" or [TYPE] = "PB") AND [POSE] like "CHB%"
noe\NOE_PB_FAC.png;PBO_FAC;([TYPE] = "PBO" or [TYPE] = "PB") AND [POSE] like "FAC%"
noe\NOE_PB_POT.png;PBO_POT;([TYPE] = "PBO" or [TYPE] = "PB") AND [POSE] like "POT%"
noe\NOE_PB_IMM.png;PBO_IMM;([TYPE] = "PBO" or [TYPE] = "PB") AND [POSE] like "IMM%"
noe\NOE_lri.png;LRI;[NOE_TYPE] = "LRI" AND [NOE_USAGE]=""
noe\NOE_LRI.PNG;LRI_MIXTE;[NOE_TYPE] = "LRI" AND ([NOE_USAGE]="IND-HAB" OR [NOE_USAGE] like "%PAVI%" OR [NOE_USAGE] like "%MIXTE%")
noe\NOE_LRI_INDPRO.PNG;LRI_PRO;[NOE_TYPE] = "LRI" AND ([NOE_USAGE]="IND-PRO" OR [NOE_USAGE] like "%ENTREPRISE%")
noe\NOE_LRI_INDFTTE.PNG;LRI_FTTE;"[NOE_TYPE] = "LRI" AND [NOE_USAGE]="IND-FTTE"
noe\NOE_LRI_COLHAB.PNG;LRI_COL_HAB;[NOE_TYPE] = "LRI" AND ([NOE_USAGE]="COL-HAB" OR [NOE_USAGE] like "%COLLECTIF%" OR [NOE_USAGE]="COL" )
noe\NOE_LRI_COLPRO.PNG;LRI_COL_PRO;[NOE_TYPE] = "LRI" AND ([NOE_USAGE]="COL-PRO")"
noe\NOE_LRI_COLFTTE.PNG;LRI_COL_FTTE;[NOE_TYPE] = "LRI" AND [NOE_USAGE]="COL-FTTE"
