capa;type;pose;name;expression;code;width;desc
%;RAC;AER;RAC_AER;[CAB_TYPE] = "RAC" and [CAB_POSE] = "AER";#6d8aa3;1;gray
%;RAC;FAC;RAC_FAC;[CAB_TYPE] = "RAC" and [CAB_POSE] = "FAC";#6d8aa3;1;gray
%;RAC;IMM;RAC_IMM;[CAB_TYPE] = "RAC" and [CAB_POSE] = "IMM";#6d8aa3;1;gray
%;RAC;FOU;RAC_FOU;[CAB_TYPE] = "RAC" and [CAB_POSE] = "FOU";#6d8aa3;1;gray
1;%;%;1fo;[CAB_CAPA] = 1 and [CAB_TYPE] <> "RAC";#6d8aa3;2;gray
6;%;%;6fo;[CAB_CAPA] = 6 and [CAB_TYPE]<>"RAC";#ff01cc;2;pink
12;%;%;12fo;[CAB_CAPA] = 12 and [CAB_TYPE] <> "RAC";#dd1721;2;rouge
24;%;%;24fo;[CAB_CAPA] = 24 and [CAB_TYPE] <> "RAC";#bf8f18;3;maron
36;%;%;36fo;[CAB_CAPA] = 36 and [CAB_TYPE] <> "RAC";#29aa17;3;vert
48;%;%;48fo;[CAB_CAPA] = 48 and [CAB_TYPE] <> "RAC";#8510da;3;violet
72;%;%;72fo;[CAB_CAPA] = 72 and [CAB_TYPE] <> "RAC";#ff8000;3;orange
96;%;%;96fo;[CAB_CAPA] = 96 and [CAB_TYPE] <> "RAC";#e1c513;3;jaune
144;%;%;144fo;[CAB_CAPA] = 144 and [CAB_TYPE] <> "RAC";#1845f0;3;bleu
288;%;%;288fo;[CAB_CAPA] = 288 and [CAB_TYPE] <> "RAC";#8f0c6a;4;violet
576;%;%;576fo;[CAB_CAPA] = 576 and [CAB_TYPE] <> "RAC";#3f6d13;4;kaki
720;%;%;720fo;[CAB_CAPA] = 720 and [CAB_TYPE] <> "RAC";#69a5b0;4;bleu
432;%;%;432fo;[CAB_CAPA] = 432 and [CAB_TYPE] <> "RAC";#7cc2f9;4;bleu