﻿<?xml version="1.0" encoding="utf-8"?>
<SCENARIO OPT_APD="false" OPT_APS="true" OPT_NAME_FORMAT="[TBL_PREFIX,2][PROJ_NAME,2][TYPE_REF,1][SRO_NAME,2][ENT_NUM,9]" OPT_NUM_START="" OPT_NUM_STEP="1" OPT_PROJ_NAME="ES91" OPT_PATH_TORG="" OPT_PATH_TREF="" SCEN_DESC="Configuration Essonne APS (avec PTO)" PATH_TORG="Essonne" SCEN_TITLE="Essonne APS(avec PTO)" OPT_NRO_NAME="">
  <OPT_LST_SCRIPTS>
    <SCRIPT NAME="noPTO.txt" CONTENT="F:\FBT_PROJETS\FTTH-ESSONNE\PARAMETRES_ESSONNE\ExportGrace\noPTO.txt" STATUS="0" DESC="" />
    <SCRIPT NAME="postFormat.sql" CONTENT="F:\FBT_PROJETS\FTTH-ESSONNE\PARAMETRES_ESSONNE\ExportGrace\EssPostFormatAPS.sql" STATUS="1" DESC="" />
    <SCRIPT NAME="EssPostFormatAPS.sql" CONTENT="F:\FBT_PROJETS\SCRIPTS GRACE\Essonne\Scripts\EssPostFormatAPS.sql" STATUS="1" DESC="" />
    <SCRIPT NAME="EssPostFormatAPD.sql" CONTENT="F:\FBT_PROJETS\SCRIPTS GRACE\Essonne\Scripts\EssPostFormatAPD.sql" STATUS="0" DESC="" />
    <SCRIPT NAME="EssCodeExt.sql" CONTENT="F:\FBT_PROJETS\SCRIPTS GRACE\Essonne\Scripts\EssCodeExt.sql" STATUS="0" DESC="" />
    <SCRIPT NAME="EssPostFormatAPS.sql" CONTENT="P:\Exploitation\BASE DE DONNEES\01-LOGICIELS\FibReady\PARAMETRES_ESSONNE\Essonne\Scripts\EssPostFormatAPS.sql" STATUS="1" DESC="" />
    <SCRIPT NAME="noPTO.sql" CONTENT="P:\Exploitation\BASE DE DONNEES\01-LOGICIELS\FibReady\PARAMETRES_ESSONNE\Essonne\Scripts\noPTO.sql" STATUS="1" DESC="" />
    <SCRIPT NAME="EssCodeExt.sql" CONTENT="P:\Exploitation\BASE DE DONNEES\01-LOGICIELS\FibReady\PARAMETRES_ESSONNE\Essonne\Scripts\EssCodeExt.sql" STATUS="1" DESC="" />
  </OPT_LST_SCRIPTS>
</SCENARIO>