﻿<?xml version="1.0" encoding="utf-8"?>
<SCENARIO OPT_APD="false" OPT_APS="true" OPT_NAME_FORMAT="[TBL_PREFIX,2][PROJ_NAME,2][TYPE_REF,1][SRO_NAME,2][ENT_NUM,9]" OPT_NUM_START="" OPT_NUM_STEP="1" OPT_PROJ_NAME="ES91" OPT_PATH_TORG="P:\Exploitation\BASE DE DONNEES\01-LOGICIELS\FibReady\PARAMETRES_ESSONNE\Essonne\fichiers\t_organisme.csv" OPT_PATH_TREF="P:\Exploitation\BASE DE DONNEES\01-LOGICIELS\FibReady\PARAMETRES_ESSONNE\Essonne\fichiers\t_reference.csv" SCEN_DESC="Configuration Essonne APS (sans PTO)" PATH_TORG="Essonne" SCEN_TITLE="Essonne APS (sans PTO)" OPT_NRO_NAME="" OPT_NUM_START_RTE="">
  <OPT_LST_SCRIPTS>
    <SCRIPT NAME="noPTO.txt" CONTENT="F:\FBT_PROJETS\FTTH-ESSONNE\PARAMETRES_ESSONNE\ExportGrace\noPTO.txt" STATUS="1" DESC="" />
    <SCRIPT NAME="postFormat.sql" CONTENT="F:\FBT_PROJETS\FTTH-ESSONNE\PARAMETRES_ESSONNE\ExportGrace\EssPostFormatAPS.sql" STATUS="1" DESC="" />
    <SCRIPT NAME="EssPostFormatAPS -bis.sql" CONTENT="P:\Exploitation\BASE DE DONNEES\01-LOGICIELS\FibReady\PARAMETRES_ESSONNE\Essonne\Scripts\EssPostFormatAPS -bis.sql" STATUS="1" DESC="" />
    <SCRIPT NAME="EssPostFormatAPS.sql" CONTENT="P:\Exploitation\BASE DE DONNEES\01-LOGICIELS\FibReady\PARAMETRES_ESSONNE\Essonne\Scripts\EssPostFormatAPS.sql" STATUS="1" DESC="" />
    <SCRIPT NAME="noPTO.sql" CONTENT="P:\Exploitation\BASE DE DONNEES\01-LOGICIELS\FibReady\PARAMETRES_ESSONNE\Essonne\Scripts\noPTO.sql" STATUS="1" DESC="" />
    <SCRIPT NAME="EssCodeExt.sql" CONTENT="P:\Exploitation\BASE DE DONNEES\01-LOGICIELS\FibReady\PARAMETRES_ESSONNE\Essonne\Scripts\EssCodeExt.sql" STATUS="1" DESC="" />
  </OPT_LST_SCRIPTS>
</SCENARIO>