﻿<?xml version="1.0" encoding="utf-8"?>
<SCENARIO OPT_APD="true" OPT_APS="false" OPT_NAME_FORMAT="[TBL_PREFIX,2][PROJ_NAME,2][TYPE_REF,1][SRO_NAME,2][ENT_NUM,9]" OPT_NUM_START="" OPT_NUM_STEP="1" OPT_PROJ_NAME="ES91" OPT_PATH_TORG="C:\Users\MKOPTYCE\Documents\OPTYCE TVX\NGE\ESSONNE\PARAMETRES_ESSONNE\Essonne\fichiers\t_organisme.csv" OPT_PATH_TREF="C:\Users\MKOPTYCE\Documents\OPTYCE TVX\NGE\ESSONNE\PARAMETRES_ESSONNE\Essonne\fichiers\t_reference.csv" SCEN_DESC="Configuration Essonne APD" PATH_TORG="" SCEN_TITLE="Essonne APD" OPT_NRO_NAME="" OPT_NUM_START_RTE="">
  <OPT_LST_SCRIPTS>
    <SCRIPT NAME="EssCodeExt.sql" CONTENT="P:\Exploitation\BASE DE DONNEES\01-LOGICIELS\FibReady\PARAMETRES_ESSONNE\Essonne\Scripts\EssCodeExt.sql" STATUS="1" DESC="" />
    <SCRIPT NAME="noPTO.sql" CONTENT="P:\Exploitation\BASE DE DONNEES\01-LOGICIELS\FibReady\PARAMETRES_ESSONNE\Essonne\Scripts\noPTO.sql" STATUS="1" DESC="" />
    <SCRIPT NAME="EssPostFormatAPD.sql" CONTENT="P:\Exploitation\BASE DE DONNEES\01-LOGICIELS\FibReady\PARAMETRES_ESSONNE\Essonne\Scripts\EssPostFormatAPD.sql" STATUS="0" DESC="" />
    <SCRIPT NAME="EssPostFormat_strict_APD.sql" CONTENT="P:\Exploitation\BASE DE DONNEES\01-LOGICIELS\FibReady\PARAMETRES_ESSONNE\Essonne\Scripts\EssPostFormat_strict_APD.sql" STATUS="1" DESC="" />
    <SCRIPT NAME="EssCodeExt.sql" CONTENT="C:\Users\MKOPTYCE\Documents\OPTYCE TVX\NGE\ESSONNE\PARAMETRES_ESSONNE\Essonne\Scripts\EssCodeExt.sql" STATUS="1" DESC="" />
    <SCRIPT NAME="noPTO.sql" CONTENT="C:\Users\MKOPTYCE\Documents\OPTYCE TVX\NGE\ESSONNE\PARAMETRES_ESSONNE\Essonne\Scripts\noPTO.sql" STATUS="1" DESC="" />
    <SCRIPT NAME="EssPostFormatAPD.sql" CONTENT="C:\Users\MKOPTYCE\Documents\OPTYCE TVX\NGE\ESSONNE\PARAMETRES_ESSONNE\Essonne\Scripts\EssPostFormatAPD.sql" STATUS="0" DESC="" />
    <SCRIPT NAME="EssPostFormat_strict_APD.sql" CONTENT="C:\Users\MKOPTYCE\Documents\OPTYCE TVX\NGE\ESSONNE\PARAMETRES_ESSONNE\Essonne\Scripts\EssPostFormat_strict_APD.sql" STATUS="1" DESC="" />
  </OPT_LST_SCRIPTS>
</SCENARIO>